,artist,track,time,genre,1,2,3,4,5,6,7,8,9,10,11,12,13,14,15,16,17,18,19,20,21,22,23,24,25,26,27,28,29,30,31,32,33,34,35,36,37,38,39,40,41,42,43,44,45,46,47,48,49,50,51,52,53,54,55,56,57,58,59,60,61,62,63,64,65,month_entered,day_entered,month_peaked,day_peaked
0,Destiny's Child,Independent Women Part I,218,Rock,78.0,63.0,49.0,33.0,23.0,15.0,7.0,5.0,1.0,1.0,1.0,1.0,1.0,1.0,1.0,1.0,1.0,1.0,1.0,2.0,3.0,7.0,10.0,12.0,15.0,22.0,29.0,31.0,,,,,,,,,,,,,,,,,,,,,,,,,,,,,,,,,,,,,,9,23,11,18
1,Santana,"Maria, Maria",258,Rock,15.0,8.0,6.0,5.0,2.0,3.0,2.0,2.0,1.0,1.0,1.0,1.0,1.0,1.0,1.0,1.0,1.0,1.0,8.0,15.0,19.0,21.0,26.0,36.0,48.0,47.0,,,,,,,,,,,,,,,,,,,,,,,,,,,,,,,,,,,,,,,,2,12,4,8
2,Savage Garden,I Knew I Loved You,247,Rock,71.0,48.0,43.0,31.0,20.0,13.0,7.0,6.0,4.0,4.0,4.0,6.0,4.0,2.0,1.0,1.0,1.0,2.0,1.0,2.0,4.0,8.0,8.0,12.0,14.0,17.0,21.0,24.0,30.0,34.0,37.0,46.0,47.0,,,,,,,,,,,,,,,,,,,,,,,,,,,,,,,,,10,23,1,29
3,Madonna,Music,225,Rock,41.0,23.0,18.0,14.0,2.0,1.0,1.0,1.0,1.0,2.0,2.0,2.0,2.0,2.0,4.0,8.0,11.0,16.0,20.0,25.0,27.0,27.0,29.0,44.0,,,,,,,,,,,,,,,,,,,,,,,,,,,,,,,,,,,,,,,,,,8,12,9,16
4,"Aguilera, Christina",Come On Over Baby (All I Want Is You),218,Rock,57.0,47.0,45.0,29.0,23.0,18.0,11.0,9.0,9.0,11.0,1.0,1.0,1.0,1.0,4.0,8.0,12.0,22.0,23.0,43.0,44.0,,,,,,,,,,,,,,,,,,,,,,,,,,,,,,,,,,,,,,,,,,,,,8,5,10,14
5,Janet,Doesn't Really Matter,257,Rock,59.0,52.0,43.0,30.0,29.0,22.0,15.0,10.0,10.0,5.0,1.0,1.0,1.0,2.0,2.0,3.0,3.0,7.0,8.0,20.0,25.0,37.0,40.0,41.0,,,,,,,,,,,,,,,,,,,,,,,,,,,,,,,,,,,,,,,,,,6,17,8,26
6,Destiny's Child,Say My Name,271,Rock'n'roll,83.0,83.0,44.0,38.0,16.0,13.0,16.0,16.0,16.0,18.0,17.0,14.0,1.0,1.0,1.0,2.0,2.0,3.0,5.0,5.0,5.0,7.0,10.0,13.0,14.0,18.0,23.0,23.0,34.0,37.0,43.0,47.0,,,,,,,,,,,,,,,,,,,,,,,,,,,,,,,,,,12,25,3,18
7,"Iglesias, Enrique",Be With You,216,Latin,63.0,45.0,34.0,23.0,17.0,12.0,9.0,8.0,8.0,6.0,5.0,4.0,1.0,1.0,1.0,3.0,11.0,14.0,24.0,28.0,,,,,,,,,,,,,,,,,,,,,,,,,,,,,,,,,,,,,,,,,,,,,,4,1,6,24
8,Sisqo,Incomplete,232,Rock'n'roll,77.0,66.0,61.0,61.0,61.0,55.0,2.0,1.0,1.0,2.0,2.0,4.0,5.0,5.0,7.0,8.0,10.0,10.0,9.0,14.0,17.0,20.0,25.0,31.0,32.0,46.0,,,,,,,,,,,,,,,,,,,,,,,,,,,,,,,,,,,,,,,,6,24,8,12
9,Lonestar,Amazed,265,Country,81.0,54.0,44.0,39.0,38.0,33.0,29.0,29.0,32.0,27.0,26.0,24.0,27.0,32.0,33.0,35.0,35.0,40.0,43.0,50.0,,,,,,,,,,45.0,45.0,45.0,23.0,17.0,14.0,17.0,18.0,18.0,3.0,1.0,1.0,2.0,3.0,4.0,4.0,5.0,6.0,8.0,9.0,10.0,12.0,15.0,20.0,22.0,22.0,25.0,26.0,31.0,32.0,37.0,42.0,42.0,45.0,50.0,,6,5,3,4
10,N'Sync,It's Gonna Be Me,190,Rock'n'roll,82.0,70.0,51.0,39.0,26.0,19.0,15.0,9.0,7.0,7.0,5.0,4.0,1.0,1.0,3.0,4.0,6.0,10.0,13.0,15.0,18.0,23.0,28.0,38.0,48.0,,,,,,,,,,,,,,,,,,,,,,,,,,,,,,,,,,,,,,,,,5,6,7,29
11,"Aguilera, Christina",What A Girl Wants,198,Rock'n'roll,71.0,51.0,28.0,18.0,13.0,13.0,11.0,1.0,1.0,2.0,2.0,3.0,3.0,4.0,12.0,11.0,13.0,15.0,18.0,20.0,30.0,40.0,39.0,44.0,,,,,,,,,,,,,,,,,,,,,,,,,,,,,,,,,,,,,,,,,,11,27,1,15
12,Vertical Horizon,Everything You Want,241,Rock'n'roll,70.0,61.0,53.0,46.0,40.0,33.0,31.0,26.0,22.0,19.0,17.0,15.0,13.0,9.0,9.0,8.0,8.0,6.0,7.0,7.0,8.0,3.0,3.0,6.0,6.0,1.0,2.0,3.0,4.0,7.0,9.0,10.0,18.0,20.0,27.0,29.0,36.0,40.0,50.0,47.0,50.0,,,,,,,,,,,,,,,,,,,,,,,,,1,22,7,15
13,Creed,With Arms Wide Open,232,Rock'n'roll,84.0,78.0,76.0,74.0,70.0,68.0,74.0,75.0,69.0,74.0,70.0,79.0,84.0,86.0,76.0,62.0,45.0,29.0,19.0,11.0,10.0,7.0,5.0,3.0,3.0,3.0,1.0,2.0,2.0,3.0,3.0,3.0,4.0,5.0,5.0,5.0,5.0,9.0,12.0,13.0,13.0,17.0,22.0,26.0,28.0,37.0,41.0,,,,,,,,,,,,,,,,,,,5,13,11,11
14,Aaliyah,Try Again,243,Rock'n'roll,59.0,53.0,38.0,28.0,21.0,18.0,16.0,14.0,12.0,10.0,9.0,8.0,6.0,1.0,2.0,2.0,2.0,2.0,3.0,4.0,5.0,5.0,6.0,9.0,13.0,14.0,16.0,23.0,22.0,33.0,36.0,43.0,,,,,,,,,,,,,,,,,,,,,,,,,,,,,,,,,,3,18,6,17
15,matchbox twenty,Bent,252,Rock,60.0,37.0,29.0,24.0,22.0,21.0,18.0,16.0,13.0,12.0,8.0,6.0,1.0,2.0,3.0,2.0,2.0,3.0,4.0,5.0,4.0,4.0,6.0,9.0,12.0,13.0,19.0,20.0,20.0,24.0,29.0,28.0,27.0,30.0,33.0,37.0,38.0,38.0,48.0,,,,,,,,,,,,,,,,,,,,,,,,,,,4,29,7,22
16,"Carey, Mariah",Thank God I Found You,254,Rock,82.0,68.0,50.0,50.0,41.0,37.0,26.0,22.0,22.0,2.0,1.0,2.0,4.0,13.0,21.0,28.0,43.0,57.0,82.0,89.0,,,,,,,,,,,,,,,,,,,,,,,,,,,,,,,,,,,,,,,,,,,,,,12,11,2,19
17,"Hill, Faith",Breathe,244,Rap,81.0,68.0,62.0,51.0,42.0,35.0,28.0,28.0,28.0,43.0,30.0,23.0,23.0,21.0,21.0,21.0,5.0,3.0,3.0,4.0,4.0,3.0,3.0,3.0,2.0,2.0,3.0,3.0,2.0,2.0,3.0,4.0,2.0,5.0,8.0,11.0,13.0,14.0,18.0,22.0,23.0,22.0,24.0,30.0,31.0,31.0,38.0,39.0,42.0,49.0,49.0,48.0,47.0,,,,,,,,,,,,,11,6,4,22
18,Mya,Case Of The Ex (Whatcha Gonna Do),230,Rock'n'roll,72.0,57.0,52.0,47.0,42.0,31.0,24.0,18.0,17.0,17.0,17.0,10.0,9.0,9.0,7.0,2.0,2.0,2.0,3.0,4.0,4.0,4.0,4.0,8.0,11.0,15.0,19.0,24.0,23.0,35.0,,,,,,,,,,,,,,,,,,,,,,,,,,,,,,,,,,,,8,19,12,2
19,Dream,He Loves U Not,223,Rock,99.0,92.0,81.0,59.0,47.0,42.0,32.0,27.0,18.0,18.0,11.0,8.0,5.0,2.0,2.0,3.0,3.0,3.0,7.0,9.0,10.0,11.0,10.0,19.0,23.0,28.0,38.0,46.0,,,,,,,,,,,,,,,,,,,,,,,,,,,,,,,,,,,,,,9,30,12,30
20,"Braxton, Toni",He Wasn't Man Enough,261,Rock,63.0,55.0,48.0,39.0,35.0,24.0,3.0,2.0,2.0,4.0,4.0,5.0,11.0,12.0,16.0,15.0,14.0,14.0,12.0,10.0,11.0,13.0,13.0,13.0,15.0,16.0,14.0,13.0,17.0,19.0,23.0,29.0,37.0,33.0,34.0,41.0,48.0,,,,,,,,,,,,,,,,,,,,,,,,,,,,,3,18,5,6
21,"Anthony, Marc",You Sang To Me,230,Latin,77.0,54.0,50.0,43.0,30.0,27.0,21.0,18.0,15.0,13.0,13.0,13.0,13.0,5.0,2.0,2.0,5.0,7.0,9.0,12.0,12.0,16.0,20.0,20.0,22.0,25.0,26.0,29.0,35.0,33.0,40.0,44.0,,,,,,,,,,,,,,,,,,,,,,,,,,,,,,,,,,2,26,6,3
22,98¡,Give Me Just One Night (Una Noche),204,Rock,51.0,39.0,34.0,26.0,26.0,19.0,2.0,2.0,3.0,6.0,7.0,22.0,29.0,36.0,47.0,67.0,66.0,84.0,93.0,94.0,,,,,,,,,,,,,,,,,,,,,,,,,,,,,,,,,,,,,,,,,,,,,,8,19,9,30
23,Destiny's Child,Jumpin' Jumpin',228,Rock,74.0,71.0,65.0,62.0,57.0,50.0,40.0,37.0,22.0,18.0,13.0,8.0,6.0,4.0,3.0,4.0,3.0,3.0,3.0,3.0,4.0,4.0,6.0,7.0,6.0,8.0,10.0,15.0,24.0,30.0,35.0,39.0,,,,,,,,,,,,,,,,,,,,,,,,,,,,,,,,,,5,13,8,19
24,3 Doors Down,Kryptonite,233,Rock,81.0,70.0,68.0,67.0,66.0,57.0,54.0,53.0,51.0,51.0,51.0,51.0,47.0,44.0,38.0,28.0,22.0,18.0,18.0,14.0,12.0,7.0,6.0,6.0,6.0,5.0,5.0,4.0,4.0,4.0,4.0,3.0,3.0,3.0,4.0,5.0,5.0,9.0,9.0,15.0,14.0,13.0,14.0,16.0,17.0,21.0,22.0,24.0,28.0,33.0,42.0,42.0,49.0,,,,,,,,,,,,,4,8,11,11
25,Sisqo,Thong Song,245,Rock'n'roll,74.0,63.0,35.0,26.0,26.0,23.0,20.0,16.0,13.0,10.0,6.0,6.0,5.0,4.0,4.0,4.0,3.0,3.0,4.0,3.0,7.0,8.0,13.0,17.0,24.0,31.0,43.0,46.0,,,,,,,,,,,,,,,,,,,,,,,,,,,,,,,,,,,,,,1,29,5,20
26,"Aguilera, Christina",I Turn To You,240,Rock'n'roll,50.0,39.0,30.0,28.0,21.0,19.0,20.0,17.0,17.0,17.0,17.0,3.0,3.0,7.0,10.0,17.0,25.0,29.0,29.0,40.0,43.0,50.0,,,,,,,,,,,,,,,,,,,,,,,,,,,,,,,,,,,,,,,,,,,,4,15,7,1
27,"Houston, Whitney",My Love Is Your Love,256,Rock'n'roll,81.0,68.0,44.0,16.0,11.0,9.0,8.0,7.0,8.0,7.0,8.0,8.0,6.0,6.0,5.0,5.0,5.0,5.0,4.0,6.0,10.0,10.0,11.0,20.0,22.0,27.0,34.0,49.0,,,,,,,,,,,,,,,,,,,,,,,,,,,,,,,,,,,,,,9,4,1,8
28,Joe,I Wanna Know,297,Rock'n'roll,94.0,86.0,69.0,50.0,41.0,33.0,32.0,28.0,28.0,27.0,27.0,25.0,23.0,20.0,17.0,15.0,14.0,11.0,11.0,14.0,11.0,11.0,10.0,12.0,10.0,6.0,4.0,5.0,4.0,5.0,5.0,7.0,6.0,8.0,5.0,6.0,9.0,9.0,8.0,14.0,16.0,20.0,32.0,45.0,,,,,,,,,,,,,,,,,,,,,,1,1,7,1
29,"Jordan, Montell",Get It On.. Tonite,274,Rap,92.0,80.0,72.0,69.0,67.0,61.0,54.0,43.0,38.0,24.0,24.0,20.0,19.0,15.0,15.0,5.0,4.0,4.0,7.0,10.0,5.0,9.0,9.0,7.0,9.0,10.0,10.0,15.0,18.0,23.0,30.0,42.0,,,,,,,,,,,,,,,,,,,,,,,,,,,,,,,,,,10,23,2,12
30,N'Sync,Bye Bye Bye,195,Rock'n'roll,42.0,20.0,19.0,14.0,13.0,7.0,6.0,5.0,5.0,5.0,5.0,4.0,4.0,6.0,6.0,7.0,9.0,12.0,18.0,20.0,27.0,34.0,40.0,,,,,,,,,,,,,,,,,,,,,,,,,,,,,,,,,,,,,,,,,,,1,29,4,15
31,Eminem,The Real Slim Shady,282,Rap,70.0,32.0,20.0,16.0,11.0,7.0,6.0,4.0,5.0,4.0,8.0,9.0,16.0,30.0,49.0,68.0,83.0,88.0,98.0,,,,,,,,,,,,,,,,,,,,,,,,,,,,,,,,,,,,,,,,,,,,,,,5,6,6,24
32,Pink,Most Girls,246,Rock'n'roll,85.0,70.0,52.0,36.0,27.0,21.0,15.0,13.0,12.0,8.0,5.0,5.0,5.0,6.0,5.0,4.0,6.0,8.0,11.0,14.0,14.0,16.0,18.0,21.0,26.0,39.0,46.0,,,,,,,,,,,,,,,,,,,,,,,,,,,,,,,,,,,,,,,8,12,11,25
33,"Mumba, Samantha",Gotta Tell You,199,Rock'n'roll,85.0,72.0,65.0,49.0,39.0,25.0,20.0,10.0,9.0,8.0,6.0,5.0,7.0,4.0,6.0,7.0,13.0,17.0,17.0,23.0,29.0,36.0,,,,,,,,,,,,,,,,,,,,,,,,,,,,,,,,,,,,,,,,,,,,9,9,12,9
34,Blaque,Bring It All To Me,226,Pop,73.0,63.0,50.0,42.0,24.0,19.0,17.0,14.0,11.0,9.0,9.0,9.0,10.0,5.0,5.0,6.0,8.0,9.0,15.0,15.0,18.0,17.0,18.0,19.0,19.0,22.0,26.0,32.0,42.0,,,,,,,,,,,,,,,,,,,,,,,,,,,,,,,,,,,,,10,23,1,22
35,"Elliott, Missy ""Misdemeanor""",Hot Boyz,231,Rap,36.0,21.0,13.0,9.0,7.0,7.0,5.0,7.0,7.0,7.0,8.0,11.0,7.0,10.0,11.0,12.0,15.0,17.0,23.0,30.0,38.0,,,,,,,,,,,,,,,,,,,,,,,,,,,,,,,,,,,,,,,,,,,,,11,27,1,8
36,"Gray, Macy",I Try,232,Rock'n'roll,68.0,51.0,47.0,36.0,30.0,20.0,15.0,12.0,8.0,7.0,7.0,7.0,6.0,5.0,6.0,9.0,10.0,11.0,14.0,16.0,16.0,16.0,21.0,27.0,34.0,40.0,46.0,,,,,,,,,,,,,,,,,,,,,,,,,,,,,,,,,,,,,,,2,19,5,20
37,N'Sync,This I Promise You,263,Rock,68.0,31.0,19.0,15.0,11.0,6.0,7.0,7.0,6.0,5.0,6.0,7.0,10.0,12.0,11.0,9.0,11.0,12.0,20.0,22.0,26.0,30.0,30.0,39.0,41.0,49.0,,,,,,,,,,,,,,,,,,,,,,,,,,,,,,,,,,,,,,,,9,30,12,2
38,Ruff Endz,No More,236,Rock,76.0,38.0,19.0,17.0,12.0,15.0,12.0,10.0,7.0,5.0,8.0,8.0,10.0,12.0,14.0,15.0,19.0,23.0,21.0,18.0,19.0,22.0,23.0,24.0,33.0,38.0,,,,,,,,,,,,,,,,,,,,,,,,,,,,,,,,,,,,,,,,7,1,9,2
39,"Backstreet Boys, The",Show Me The Meaning Of Being Lonely,234,Rock,74.0,62.0,55.0,25.0,16.0,14.0,12.0,10.0,12.0,9.0,7.0,6.0,6.0,6.0,8.0,9.0,13.0,19.0,23.0,26.0,32.0,34.0,45.0,47.0,,,,,,,,,,,,,,,,,,,,,,,,,,,,,,,,,,,,,,,,,,1,1,3,18
40,Nine Days,Absolutely (Story Of A Girl),189,Rock,85.0,71.0,59.0,52.0,39.0,34.0,26.0,20.0,17.0,13.0,11.0,6.0,6.0,8.0,8.0,7.0,8.0,9.0,11.0,12.0,14.0,18.0,26.0,30.0,36.0,41.0,48.0,,,,,,,,,,,,,,,,,,,,,,,,,,,,,,,,,,,,,,,5,6,7,22
41,"Dion, Celine",That's The Way It Is,243,Rock,74.0,68.0,65.0,49.0,44.0,34.0,30.0,30.0,17.0,14.0,11.0,8.0,9.0,10.0,11.0,11.0,6.0,8.0,7.0,7.0,9.0,10.0,14.0,16.0,26.0,31.0,35.0,42.0,,,,,,,,,,,,,,,,,,,,,,,,,,,,,,,,,,,,,,11,13,3,4
42,Blink-182,All The Small Things,172,Rock,89.0,76.0,69.0,59.0,59.0,51.0,50.0,35.0,26.0,15.0,7.0,6.0,8.0,8.0,9.0,11.0,14.0,16.0,18.0,23.0,33.0,41.0,43.0,,,,,,,,,,,,,,,,,,,,,,,,,,,,,,,,,,,,,,,,,,,12,4,2,19
43,Eiffel 65,Blue (Da Ba Dee),209,Electronica,67.0,29.0,16.0,16.0,13.0,11.0,9.0,6.0,7.0,9.0,13.0,19.0,21.0,24.0,32.0,42.0,56.0,60.0,76.0,88.0,,,,,,,,,,,,,,,,,,,,,,,,,,,,,,,,,,,,,,,,,,,,,,12,11,1,29
44,"Badu, Erkyah",Bag Lady,303,Rock,67.0,53.0,42.0,41.0,48.0,42.0,34.0,6.0,9.0,9.0,8.0,11.0,15.0,21.0,26.0,29.0,26.0,38.0,56.0,66.0,,,,,,,,,,,,,,,,,,,,,,,,,,,,,,,,,,,,,,,,,,,,,,8,19,10,7
45,Pink,There U Go,203,Rock,25.0,15.0,12.0,11.0,11.0,7.0,7.0,12.0,14.0,15.0,15.0,17.0,19.0,16.0,15.0,14.0,12.0,10.0,10.0,10.0,8.0,9.0,12.0,16.0,20.0,22.0,33.0,39.0,39.0,41.0,46.0,44.0,,,,,,,,,,,,,,,,,,,,,,,,,,,,,,,,,,3,4,4,8
46,Creed,Higher,316,Rock'n'roll,81.0,77.0,73.0,63.0,61.0,58.0,56.0,52.0,56.0,57.0,57.0,57.0,57.0,57.0,60.0,61.0,61.0,57.0,60.0,61.0,,,,,,,,,43.0,41.0,34.0,28.0,25.0,23.0,22.0,16.0,16.0,18.0,14.0,13.0,13.0,11.0,11.0,9.0,9.0,7.0,7.0,9.0,9.0,12.0,14.0,16.0,17.0,17.0,21.0,26.0,29.0,32.0,39.0,39.0,43.0,47.0,50.0,50.0,49.0,9,11,7,22
47,Nelly,(Hot S**t) Country Grammar,257,Rap,100.0,99.0,96.0,76.0,55.0,37.0,24.0,24.0,30.0,36.0,37.0,30.0,23.0,21.0,17.0,17.0,15.0,11.0,11.0,10.0,7.0,7.0,8.0,10.0,11.0,12.0,12.0,17.0,19.0,23.0,33.0,37.0,36.0,49.0,,,,,,,,,,,,,,,,,,,,,,,,,,,,,,,,4,29,9,16
48,Next,Wifey,243,Rock'n'roll,85.0,61.0,46.0,40.0,36.0,31.0,25.0,22.0,25.0,24.0,21.0,20.0,19.0,19.0,8.0,7.0,10.0,12.0,21.0,25.0,35.0,,,,,,,,,,,,,,,,,,,,,,,,,,,,,,,,,,,,,,,,,,,,,5,27,9,9
49,Kenny G,Auld Lang Syne (The Millenium Mix),470,Jazz,89.0,89.0,7.0,8.0,66.0,,,,,,,,,,,,,,,,,,,,,,,,,,,,,,,,,,,,,,,,,,,,,,,,,,,,,,,,,,,,,12,25,1,8
50,Sonique,It Feels So Good,228,Rock'n'roll,67.0,52.0,30.0,23.0,19.0,17.0,16.0,16.0,14.0,12.0,13.0,13.0,11.0,8.0,10.0,10.0,11.0,14.0,17.0,19.0,21.0,31.0,38.0,49.0,,,,,,,,,,,,,,,,,,,,,,,,,,,,,,,,,,,,,,,,,,1,22,4,22
51,"Spears, Britney",Oops!.. I Did It Again,210,Rock'n'roll,67.0,38.0,26.0,19.0,15.0,13.0,12.0,9.0,9.0,10.0,14.0,15.0,17.0,24.0,35.0,49.0,77.0,85.0,90.0,96.0,,,,,,,,,,,,,,,,,,,,,,,,,,,,,,,,,,,,,,,,,,,,,,4,22,6,10
52,"Backstreet Boys, The",Shape Of My Heart,229,Rock'n'roll,39.0,25.0,24.0,15.0,12.0,12.0,10.0,9.0,10.0,12.0,17.0,19.0,29.0,26.0,24.0,31.0,52.0,63.0,62.0,70.0,,,,,,,,,,,,,,,,,,,,,,,,,,,,,,,,,,,,,,,,,,,,,,10,14,12,2
53,Everclear,Wonderful,270,Rock'n'roll,77.0,69.0,53.0,37.0,33.0,25.0,24.0,23.0,22.0,25.0,28.0,25.0,11.0,13.0,13.0,11.0,18.0,28.0,36.0,39.0,45.0,,,,,,,,,,,,,,,,,,,,,,,,,,,,,,,,,,,,,,,,,,,,,7,8,9,30
54,Ja Rule,Between Me And You,245,Rap,85.0,74.0,61.0,37.0,27.0,22.0,22.0,16.0,14.0,11.0,11.0,14.0,17.0,18.0,18.0,21.0,30.0,30.0,42.0,53.0,,,,,,,,,,,,,,,,,,,,,,,,,,,,,,,,,,,,,,,,,,,,,,9,16,11,18
55,"Rimes, LeAnn",I Need You,222,Country,77.0,68.0,67.0,63.0,59.0,59.0,59.0,53.0,51.0,50.0,13.0,11.0,11.0,15.0,12.0,12.0,13.0,16.0,19.0,21.0,21.0,24.0,25.0,30.0,41.0,,,,,,,,,,,,,,,,,,,,,,,,,,,,,,,,,,,,,,,,,5,27,8,12
56,Smash Mouth,Then The Morning Comes,184,Rock'n'roll,83.0,59.0,56.0,46.0,27.0,23.0,19.0,16.0,14.0,14.0,16.0,15.0,12.0,11.0,13.0,17.0,20.0,23.0,24.0,25.0,27.0,31.0,33.0,35.0,41.0,48.0,,,,,,,,,,,,,,,,,,,,,,,,,,,,,,,,,,,,,,,,10,30,1,29
57,Jay-Z,I Just Wanna Love U (Give It 2 Me),230,Rap,58.0,45.0,35.0,26.0,23.0,19.0,14.0,14.0,13.0,11.0,12.0,12.0,12.0,15.0,15.0,19.0,24.0,28.0,29.0,30.0,40.0,,,,,,,,,,,,,,,,,,,,,,,,,,,,,,,,,,,,,,,,,,,,,10,28,12,30
58,Jagged Edge,Let's Get Married,263,Rock,77.0,66.0,55.0,45.0,38.0,42.0,33.0,29.0,28.0,26.0,23.0,15.0,11.0,14.0,14.0,17.0,20.0,20.0,21.0,23.0,24.0,29.0,36.0,47.0,,,,,,,,,,,,,,,,,,,,,,,,,,,,,,,,,,,,,,,,,,5,6,7,29
59,Filter,Take A Picture,263,Rock,91.0,74.0,64.0,52.0,38.0,38.0,34.0,31.0,21.0,19.0,12.0,13.0,15.0,20.0,19.0,22.0,23.0,24.0,31.0,42.0,,,,,,,,,,,,,,,,,,,,,,,,,,,,,,,,,,,,,,,,,,,,,,11,27,2,5
60,"Martin, Ricky",She Bangs,242,Latin,38.0,28.0,21.0,21.0,18.0,16.0,13.0,13.0,12.0,20.0,22.0,29.0,43.0,54.0,55.0,73.0,92.0,100.0,,,,,,,,,,,,,,,,,,,,,,,,,,,,,,,,,,,,,,,,,,,,,,,,10,7,12,2
61,Mystikal,Shake Ya Ass,286,Rap,97.0,90.0,65.0,41.0,34.0,25.0,22.0,15.0,15.0,14.0,14.0,13.0,13.0,13.0,17.0,19.0,24.0,30.0,42.0,58.0,,,,,,,,,,,,,,,,,,,,,,,,,,,,,,,,,,,,,,,,,,,,,,8,12,10,28
62,BBMak,Back Here,215,Rock,99.0,86.0,60.0,52.0,38.0,34.0,28.0,21.0,18.0,18.0,19.0,15.0,18.0,13.0,16.0,15.0,16.0,16.0,17.0,15.0,18.0,17.0,16.0,22.0,24.0,30.0,36.0,37.0,42.0,45.0,49.0,,,,,,,,,,,,,,,,,,,,,,,,,,,,,,,,,,,4,29,7,29
63,"Spears, Britney",From The Bottom Of My Broken Heart,270,Rock,76.0,59.0,52.0,52.0,14.0,14.0,17.0,24.0,33.0,35.0,41.0,45.0,54.0,64.0,64.0,81.0,97.0,92.0,86.0,90.0,,,,,,,,,,,,,,,,,,,,,,,,,,,,,,,,,,,,,,,,,,,,,,1,29,2,26
64,Third Eye Blind,Never Let You Go,237,Rock,65.0,32.0,25.0,24.0,23.0,22.0,22.0,21.0,19.0,16.0,14.0,16.0,16.0,17.0,18.0,21.0,22.0,25.0,27.0,33.0,45.0,46.0,,,,,,,,,,,,,,,,,,,,,,,,,,,,,,,,,,,,,,,,,,,,1,22,4,1
65,Red Hot Chili Peppers,Otherside,253,Rock,80.0,72.0,65.0,52.0,51.0,49.0,40.0,37.0,32.0,29.0,29.0,29.0,29.0,24.0,18.0,14.0,15.0,16.0,19.0,22.0,29.0,45.0,,,,,,,,,,,,,,,,,,,,,,,,,,,,,,,,,,,,,,,,,,,,2,12,5,27
66,Profyle,Liar,237,R&B,52.0,32.0,25.0,17.0,16.0,16.0,14.0,19.0,24.0,33.0,35.0,43.0,54.0,61.0,69.0,75.0,86.0,81.0,94.0,99.0,,,,,,,,,,,,,,,,,,,,,,,,,,,,,,,,,,,,,,,,,,,,,,9,16,10,28
67,Barenaked Ladies,Pinch Me,226,Rock,77.0,76.0,69.0,45.0,51.0,37.0,33.0,29.0,26.0,25.0,16.0,15.0,15.0,19.0,19.0,20.0,22.0,20.0,21.0,34.0,44.0,,,,,,,,,,,,,,,,,,,,,,,,,,,,,,,,,,,,,,,,,,,,,9,9,11,25
68,Jagged Edge,He Can't Love U,210,Rock,54.0,32.0,17.0,17.0,15.0,18.0,18.0,18.0,18.0,25.0,24.0,24.0,26.0,33.0,44.0,51.0,53.0,65.0,69.0,77.0,,,,,,,,,,,,,,,,,,,,,,,,,,,,,,,,,,,,,,,,,,,,,,12,11,1,8
69,504 Boyz,Wobble Wobble,215,Rap,57.0,34.0,25.0,17.0,17.0,31.0,36.0,49.0,53.0,57.0,64.0,70.0,75.0,76.0,78.0,85.0,92.0,96.0,,,,,,,,,,,,,,,,,,,,,,,,,,,,,,,,,,,,,,,,,,,,,,,,4,15,5,6
70,Sting,Desert Rose,232,Rock,98.0,88.0,72.0,59.0,55.0,52.0,45.0,35.0,24.0,21.0,19.0,19.0,19.0,19.0,18.0,17.0,19.0,19.0,24.0,26.0,30.0,32.0,42.0,45.0,42.0,49.0,,,,,,,,,,,,,,,,,,,,,,,,,,,,,,,,,,,,,,,,5,13,8,26
71,Jay-Z,Big Pimpin',235,Rap,69.0,52.0,39.0,33.0,28.0,25.0,25.0,23.0,20.0,19.0,21.0,18.0,20.0,20.0,26.0,29.0,35.0,33.0,41.0,50.0,,,,,,,,,,,,,,,,,,,,,,,,,,,,,,,,,,,,,,,,,,,,,,4,22,7,8
72,Kid Rock,Only God Knows Why,327,Rock,63.0,47.0,46.0,39.0,35.0,26.0,26.0,23.0,19.0,19.0,21.0,25.0,25.0,29.0,32.0,44.0,52.0,62.0,69.0,78.0,,,,,,,,,,,,,,,,,,,,,,,,,,,,,,,,,,,,,,,,,,,,,,2,19,4,15
73,Foo Fighters,Learn To Fly,235,Rock,80.0,69.0,68.0,63.0,60.0,52.0,42.0,32.0,30.0,25.0,22.0,22.0,26.0,20.0,19.0,20.0,26.0,30.0,35.0,42.0,50.0,,,,,,,,,,,,,,,,,,,,,,,,,,,,,,,,,,,,,,,,,,,,,10,16,1,22
74,"Dixie Chicks, The",Goodbye Earl,259,Country,40.0,29.0,24.0,24.0,20.0,20.0,20.0,19.0,38.0,61.0,86.0,88.0,96.0,96.0,98.0,,,,,,,,,,,,,,,,,,,,,,,,,,,,,,,,,,,,,,,,,,,,,,,,,,,3,18,5,6
75,Guy,Dancin',248,R&B,46.0,29.0,19.0,22.0,36.0,44.0,58.0,58.0,68.0,75.0,94.0,,,,,,,,,,,,,,,,,,,,,,,,,,,,,,,,,,,,,,,,,,,,,,,,,,,,,,,12,18,1,1
76,Lil Bow Wow,Bounce With Me,202,Rap,48.0,35.0,24.0,24.0,20.0,20.0,20.0,20.0,22.0,27.0,27.0,36.0,40.0,53.0,61.0,69.0,80.0,90.0,99.0,,,100.0,,,,,,,,,,,,,,,,,,,,,,,,,,,,,,,,,,,,,,,,,,,,8,19,9,16
77,Westlife,Swear It Again,247,Rock,96.0,82.0,66.0,55.0,55.0,46.0,44.0,44.0,37.0,35.0,32.0,25.0,21.0,20.0,20.0,25.0,30.0,33.0,45.0,56.0,,,,,,,,,,,,,,,,,,,,,,,,,,,,,,,,,,,,,,,,,,,,,,4,1,7,1
78,Train,Meet Virginia,235,Rock,76.0,67.0,59.0,54.0,48.0,45.0,40.0,32.0,26.0,24.0,22.0,21.0,21.0,24.0,21.0,20.0,21.0,24.0,28.0,30.0,32.0,37.0,37.0,42.0,46.0,50.0,50.0,,,,,,,,,,,,,,,,,,,,,,,,,,,,,,,,,,,,,,,10,9,1,22
79,"Thomas, Carl",I Wish,230,Rock,75.0,64.0,48.0,39.0,32.0,28.0,24.0,20.0,22.0,21.0,22.0,26.0,23.0,24.0,27.0,28.0,42.0,44.0,52.0,67.0,,,,,,,,,,,,,,,,,,,,,,,,,,,,,,,,,,,,,,,,,,,,,,3,25,5,13
80,Hanson,This Time Around,254,Country,22.0,22.0,20.0,45.0,87.0,71.0,95.0,,,,,,,,,,,,,,,,,,,,,,,,,,,,,,,,,,,,,,,,,,,,,,,,,,,,,,,,,,,4,22,5,6
81,"Simpson, Jessica",I Think I'm In Love With You,212,Pop,63.0,52.0,44.0,29.0,25.0,23.0,21.0,21.0,21.0,27.0,38.0,38.0,57.0,74.0,89.0,96.0,,,,,,,,,,,,,,,,,,,,,,,,,,,,,,,,,,,,,,,,,,,,,,,,,,7,1,8,12
82,Ludacris,What's Your Fantasy,256,Rap,89.0,83.0,63.0,55.0,49.0,40.0,33.0,32.0,30.0,25.0,22.0,21.0,24.0,24.0,24.0,27.0,25.0,34.0,32.0,35.0,41.0,47.0,,,,,,,,,,,,,,,,,,,,,,,,,,,,,,,,,,,,,,,,,,,,9,30,12,16
83,Lil' Zane,Callin' Me,223,Rap,83.0,89.0,57.0,40.0,34.0,21.0,33.0,46.0,45.0,59.0,67.0,84.0,95.0,,,,,,,,,,,,,,,,,,,,,,,,,,,,,,,,,,,,,,,,,,,,,,,,,,,,,7,29,9,2
84,M2M,Don't Say You Love Me,221,Pop,72.0,53.0,62.0,46.0,54.0,44.0,44.0,21.0,64.0,92.0,98.0,98.0,,,,,,,,,,,,,,,,,,,,,,,,,,,,,,,,,,,,,,,,,,,,,,,,,,,,,,11,20,1,8
85,SoulDecision,Faded,205,Rock'n'roll,94.0,90.0,81.0,64.0,56.0,43.0,35.0,27.0,25.0,22.0,22.0,27.0,27.0,27.0,31.0,31.0,30.0,34.0,31.0,34.0,34.0,38.0,45.0,50.0,,,,,,,,,,,,,,,,,,,,,,,,,,,,,,,,,,,,,,,,,,7,8,9,9
86,"Brock, Chad",Yes!,202,Country,90.0,77.0,66.0,61.0,59.0,47.0,39.0,33.0,32.0,31.0,28.0,27.0,22.0,27.0,31.0,39.0,45.0,50.0,53.0,59.0,,,,,,,,,,,,,,,,,,,,,,,,,,,,,,,,,,,,,,,,,,,,,,4,8,7,1
87,"Martin, Ricky",Shake Your Bon-Bon,188,Latin,74.0,66.0,52.0,39.0,39.0,39.0,39.0,46.0,47.0,54.0,91.0,28.0,22.0,33.0,46.0,70.0,87.0,93.0,,,,,,,,,,,,,,,,,,,,,,,,,,,,,,,,,,,,,,,,,,,,,,,,11,20,2,12
88,Vertical Horizon,You're A God,225,Rock,64.0,55.0,43.0,41.0,37.0,31.0,30.0,29.0,28.0,26.0,23.0,23.0,25.0,32.0,32.0,37.0,37.0,41.0,46.0,48.0,49.0,,,,,,,,,,,,,,,,,,,,,,,,,,,,,,,,,,,,,,,,,,,,,8,26,11,4
89,Avant,Separated,253,Rock,62.0,32.0,30.0,23.0,26.0,30.0,35.0,32.0,32.0,25.0,23.0,28.0,27.0,29.0,27.0,31.0,31.0,33.0,40.0,51.0,,,,,,,,,,,,,,,,,,,,,,,,,,,,,,,,,,,,,,,,,,,,,,4,29,5,20
90,"Rimes, LeAnn",Big Deal,183,Country,71.0,52.0,51.0,51.0,51.0,48.0,41.0,37.0,29.0,26.0,26.0,23.0,30.0,28.0,27.0,25.0,31.0,43.0,56.0,70.0,,,,,,,,,,,,,,,,,,,,,,,,,,,,,,,,,,,,,,,,,,,,,,10,16,1,1
91,IMx,Stay The Night,217,Rap,84.0,61.0,45.0,43.0,40.0,38.0,36.0,31.0,34.0,34.0,40.0,36.0,36.0,23.0,41.0,62.0,70.0,71.0,79.0,78.0,,,,,,,,,,,,,,,,,,,,,,,,,,,,,,,,,,,,,,,,,,,,,,10,9,1,8
92,Dr. Dre,The Next Episode,158,Rap,78.0,67.0,58.0,53.0,46.0,41.0,32.0,27.0,26.0,23.0,26.0,27.0,32.0,32.0,44.0,46.0,47.0,50.0,52.0,58.0,,,,,,,,,,,,,,,,,,,,,,,,,,,,,,,,,,,,,,,,,,,,,,5,27,7,29
93,"Spears, Britney",Lucky,203,Rock,61.0,41.0,28.0,26.0,23.0,29.0,30.0,40.0,66.0,86.0,100.0,,,,,,,,,,,,,,,,,,,,,,,,,,,,,,,,,,,,,,,,,,,,,,,,,,,,,,,8,12,9,9
94,Savage Garden,Crash And Burn,281,Rock,75.0,58.0,51.0,36.0,33.0,31.0,26.0,24.0,24.0,29.0,34.0,39.0,46.0,47.0,48.0,49.0,58.0,63.0,73.0,87.0,,,,,,,,,,,,,,,,,,,,,,,,,,,,,,,,,,,,,,,,,,,,,,4,8,5,27
95,Kandi,Don't Think I'm Not,230,Rock,66.0,66.0,66.0,61.0,49.0,42.0,36.0,33.0,28.0,24.0,26.0,26.0,28.0,29.0,27.0,31.0,31.0,26.0,25.0,25.0,30.0,40.0,36.0,41.0,,,,,,,,,,,,,,,,,,,,,,,,,,,,,,,,,,,,,,,,,,8,5,10,7
96,Sammie,I Like It,249,Rock,85.0,68.0,58.0,44.0,40.0,33.0,30.0,29.0,37.0,29.0,29.0,24.0,36.0,46.0,52.0,61.0,83.0,93.0,91.0,89.0,,,,,,,,,,,,,,,,,,,,,,,,,,,,,,,,,,,,,,,,,,,,,,1,29,4,15
97,Goo Goo Dolls,Broadway,234,Rock,74.0,58.0,53.0,42.0,35.0,31.0,29.0,25.0,29.0,26.0,24.0,33.0,46.0,48.0,57.0,62.0,74.0,82.0,85.0,87.0,,,,,,,,,,,,,,,,,,,,,,,,,,,,,,,,,,,,,,,,,,,,,,4,22,7,1
98,"Moore, Mandy",I Wanna Be With You,252,Pop,69.0,63.0,54.0,50.0,45.0,42.0,31.0,28.0,24.0,34.0,42.0,53.0,65.0,66.0,77.0,94.0,99.0,,,,,93.0,91.0,91.0,90.0,89.0,86.0,,,,,,,,,,,,,,,,,,,,,,,,,,,,,,,,,,,,,,,6,17,8,12
99,Dr. Dre,Forgot About Dre,222,Rap,75.0,55.0,47.0,36.0,36.0,30.0,30.0,31.0,26.0,25.0,25.0,26.0,26.0,28.0,34.0,47.0,58.0,68.0,80.0,82.0,,,,,,,,,,,,,,,,,,,,,,,,,,,,,,,,,,,,,,,,,,,,,,1,22,3,25
100,D'Angelo,Untitled (How Does It Feel),430,R&B,77.0,56.0,35.0,26.0,25.0,25.0,28.0,28.0,31.0,35.0,39.0,44.0,51.0,60.0,73.0,79.0,94.0,,,,,,,,,,,,,,,,,,,,,,,,,,,,,,,,,,,,,,,,,,,,,,,,,1,22,2,19
101,"Messina, Jo Dee",That's The Way,197,Country,78.0,67.0,63.0,54.0,50.0,44.0,38.0,30.0,27.0,25.0,31.0,28.0,30.0,28.0,32.0,35.0,48.0,46.0,51.0,59.0,,,,,,,,,,,,,,,,,,,,,,,,,,,,,,,,,,,,,,,,,,,,,,6,24,8,26
102,Avant,My First Love,268,Rock'n'roll,70.0,62.0,56.0,43.0,39.0,33.0,26.0,26.0,26.0,31.0,32.0,31.0,38.0,38.0,52.0,57.0,64.0,73.0,81.0,79.0,,,,,,,,,,,,,,,,,,,,,,,,,,,,,,,,,,,,,,,,,,,,,,11,4,12,16
103,Son By Four,A Puro Dolor (Purest Of Pain),210,Latin,80.0,80.0,80.0,79.0,72.0,73.0,65.0,64.0,60.0,60.0,48.0,48.0,48.0,43.0,35.0,32.0,30.0,32.0,37.0,26.0,31.0,28.0,30.0,32.0,39.0,35.0,,,,,,,,,,,,,,,,,,,,,,,,,,,,,,,,,,,,,,,,4,8,8,19
104,Da Brat,What'Chu Like,237,Rap,71.0,65.0,54.0,54.0,51.0,41.0,41.0,33.0,28.0,31.0,26.0,28.0,36.0,39.0,49.0,58.0,62.0,65.0,68.0,68.0,,,,,,,,,,,,,,,,,,,,,,,,,,,,,,,,,,,,,,,,,,,,,,6,3,8,12
105,DMX,Party Up (Up In Here),225,Rap,88.0,74.0,62.0,56.0,49.0,44.0,38.0,32.0,27.0,27.0,27.0,27.0,27.0,28.0,28.0,33.0,35.0,42.0,44.0,46.0,43.0,,,,,,,,,,,,,,,,,,,,,,,,,,,,,,,,,,,,,,,,,,,,,2,26,4,22
106,"Dixie Chicks, The",Cowboy Take Me Away,291,Country,79.0,72.0,70.0,61.0,52.0,52.0,52.0,39.0,31.0,27.0,27.0,27.0,31.0,37.0,40.0,47.0,51.0,56.0,59.0,59.0,,,,,,,,,,,,,,,,,,,,,,,,,,,,,,,,,,,,,,,,,,,,,,11,27,1,29
107,"McGraw, Tim",My Next Thirty Years,217,Country,73.0,62.0,56.0,52.0,46.0,40.0,36.0,31.0,27.0,27.0,28.0,40.0,33.0,33.0,39.0,40.0,48.0,53.0,58.0,62.0,,,,,,,,,,,,,,,,,,,,,,,,,,,,,,,,,,,,,,,,,,,,,,10,21,12,16
108,"Tritt, Travis",Best Of Intentions,255,Country,97.0,86.0,79.0,70.0,63.0,56.0,50.0,48.0,51.0,38.0,33.0,31.0,28.0,28.0,28.0,27.0,29.0,31.0,37.0,45.0,49.0,48.0,,,,,,,,,,,,,,,,,,,,,,,,,,,,,,,,,,,,,,,,,,,,8,19,12,2
109,Alice Deejay,Better Off Alone,410,Electronica,79.0,65.0,53.0,48.0,45.0,36.0,34.0,29.0,27.0,30.0,36.0,37.0,39.0,49.0,57.0,63.0,65.0,68.0,79.0,86.0,,,,,,,,,,,,,,,,,,,,,,,,,,,,,,,,,,,,,,,,,,,,,,4,8,6,3
110,Hoku,Another Dumb Blonde,227,Pop,69.0,49.0,49.0,34.0,34.0,34.0,30.0,27.0,36.0,41.0,53.0,56.0,80.0,100.0,,,,,,,,,,,,,,,,,,,,,,,,,,,,,,,,,,,,,,,,,,,,,,,,,,,,2,19,4,8
111,"Houston, Whitney",I Learned From The Best,258,Rock,83.0,83.0,83.0,40.0,28.0,27.0,28.0,36.0,53.0,73.0,82.0,,,,,,,,,,,,,,,,,,,,,,,,,,,,,,,,,,,,,,,,,,,,,,,,,,,,,,,2,19,3,25
112,Counting Crows,Hanginaround,247,Rock,84.0,70.0,66.0,60.0,46.0,37.0,35.0,35.0,35.0,32.0,29.0,29.0,28.0,32.0,38.0,48.0,56.0,59.0,61.0,66.0,,,,,,,,,,,,,,,,,,,,,,,,,,,,,,,,,,,,,,,,,,,,,,11,6,1,29
113,Mary Mary,Shackles (Praise You),192,Rock,90.0,76.0,72.0,54.0,43.0,37.0,34.0,28.0,33.0,30.0,31.0,39.0,43.0,53.0,60.0,70.0,71.0,76.0,84.0,94.0,,,,,,,,,,,,,,,,,,,,,,,,,,,,,,,,,,,,,,,,,,,,,,3,25,5,13
114,"Carey, Mariah",Crybaby,319,Rock,28.0,34.0,48.0,62.0,77.0,90.0,95.0,,,,,,,,,,,,,,,,,,,,,,,,,,,,,,,,,,,,,,,,,,,,,,,,,,,,,,,,,,,6,24,6,24
115,"McGraw, Tim",My Best Friend,273,Country,85.0,76.0,71.0,64.0,54.0,54.0,55.0,46.0,38.0,29.0,29.0,33.0,32.0,31.0,36.0,38.0,39.0,41.0,46.0,49.0,48.0,,,,,,,,,,,,,,,,,,,,,,,,,,,,,,,,,,,,,,,,,,,,,11,27,1,29
116,Sugar Ray,Falls Apart,255,Rock,70.0,64.0,54.0,40.0,34.0,29.0,29.0,32.0,32.0,37.0,47.0,49.0,52.0,60.0,76.0,80.0,89.0,97.0,98.0,100.0,,,,,,,,,,,,,,,,,,,,,,,,,,,,,,,,,,,,,,,,,,,,,,1,15,2,19
117,Madonna,American Pie,270,Rock,43.0,35.0,29.0,29.0,33.0,32.0,40.0,58.0,88.0,,,,,,,,,,,,,,,,,,,,,,,,,,,,,,,,,,,,,,,,,,,,,,,,,,,,,,,,,2,19,3,4
118,"Jones, Donell",Where I Wanna Be,382,Rock,81.0,71.0,65.0,50.0,41.0,41.0,36.0,41.0,38.0,35.0,33.0,29.0,36.0,34.0,34.0,40.0,42.0,49.0,55.0,62.0,,,,,,,,,,,,,,,,,,,,,,,,,,,,,,,,,,,,,,,,,,,,,,4,22,7,8
119,"Paisley, Brad",We Danced,225,Country,71.0,68.0,52.0,52.0,45.0,42.0,39.0,34.0,34.0,29.0,36.0,42.0,55.0,53.0,57.0,64.0,72.0,84.0,83.0,86.0,,,,,,,,,,,,,,,,,,,,,,,,,,,,,,,,,,,,,,,,,,,,,,10,14,12,16
120,Lonestar,What About Now,210,Country,78.0,72.0,66.0,64.0,56.0,50.0,47.0,39.0,37.0,34.0,30.0,30.0,35.0,36.0,37.0,43.0,54.0,60.0,61.0,69.0,,,,,,,,,,,,,,,,,,,,,,,,,,,,,,,,,,,,,,,,,,,,,,6,10,8,19
121,"Backstreet Boys, The",The One,226,Rock,58.0,50.0,43.0,37.0,31.0,30.0,39.0,47.0,55.0,61.0,76.0,90.0,93.0,93.0,100.0,,,,,,,,,,,,,,,,,,,,,,,,,,,,,,,,,,,,,,,,,,,,,,,,,,,5,27,7,1
122,"Keith, Toby",How Do You Like Me Now?!,209,Country,77.0,72.0,59.0,53.0,45.0,43.0,41.0,36.0,36.0,32.0,31.0,31.0,35.0,35.0,38.0,43.0,45.0,51.0,52.0,54.0,,,,,,,,,,,,,,,,,,,,,,,,,,,,,,,,,,,,,,,,,,,,,,1,29,4,8
123,"Strait, George",The Best Day,204,Country,73.0,64.0,54.0,45.0,44.0,44.0,44.0,41.0,39.0,34.0,33.0,33.0,31.0,33.0,36.0,39.0,43.0,49.0,53.0,62.0,,,,,,,,,,,,,,,,,,,,,,,,,,,,,,,,,,,,,,,,,,,,,,1,29,4,22
124,"Dixie Chicks, The",Without You,212,Country,80.0,70.0,63.0,56.0,50.0,49.0,48.0,46.0,41.0,40.0,35.0,31.0,33.0,44.0,36.0,35.0,37.0,43.0,51.0,54.0,,,,,,,,,,,,,,,,,,,,,,,,,,,,,,,,,,,,,,,,,,,,,,10,7,12,23
125,Musiq,Just Friends (Sunny),242,Rap,89.0,83.0,65.0,55.0,54.0,54.0,52.0,44.0,41.0,34.0,32.0,31.0,35.0,34.0,41.0,41.0,48.0,54.0,58.0,68.0,,,,,,,,,,,,,,,,,,,,,,,,,,,,,,,,,,,,,,,,,,,,,,10,14,12,30
126,"McEntire, Reba",What Do You Say,206,Country,88.0,76.0,71.0,71.0,69.0,63.0,56.0,51.0,46.0,46.0,53.0,43.0,33.0,31.0,34.0,41.0,50.0,60.0,68.0,71.0,,,,,,,,,,,,,,,,,,,,,,,,,,,,,,,,,,,,,,,,,,,,,,10,30,1,29
127,"Braxton, Toni",Just Be A Man About It,250,Rock,76.0,69.0,51.0,42.0,37.0,32.0,32.0,34.0,34.0,38.0,50.0,53.0,53.0,63.0,65.0,72.0,79.0,84.0,89.0,90.0,,,,,,,,,,,,,,,,,,,,,,,,,,,,,,,,,,,,,,,,,,,,,,7,29,9,2
128,"Iglesias, Enrique",Rhythm Divine,455,Latin,90.0,84.0,79.0,67.0,67.0,39.0,33.0,32.0,38.0,38.0,49.0,51.0,61.0,61.0,66.0,88.0,96.0,,,,,,,,,,,,,,,,,,,,,,,,,,,,,,,,,,,,,,,,,,,,,,,,,12,4,1,22
129,"Fabian, Lara",I Will Love Again,223,Pop,91.0,80.0,75.0,61.0,60.0,52.0,45.0,40.0,36.0,32.0,37.0,45.0,68.0,80.0,80.0,89.0,96.0,,,,,,,,,,,,,,,,,,,,,,,,,,,,,,,,,,,,,,,,,,,,,,,,,6,10,8,12
130,Bon Jovi,It's My Life,224,Rock,64.0,58.0,51.0,51.0,48.0,45.0,36.0,33.0,34.0,34.0,35.0,34.0,39.0,44.0,51.0,58.0,61.0,84.0,85.0,87.0,,,,,,,,,,,,,,,,,,,,,,,,,,,,,,,,,,,,,,,,,,,,,,8,12,9,30
131,"Evans, Sara",Born To Fly,336,Country,77.0,71.0,64.0,57.0,55.0,51.0,46.0,44.0,36.0,39.0,34.0,46.0,44.0,36.0,42.0,53.0,58.0,74.0,81.0,86.0,,,,,,,,,,,,,,,,,,,,,,,,,,,,,,,,,,,,,,,,,,,,,,10,21,12,30
132,"Chesney, Kenny",I Lost It,234,Country,75.0,67.0,61.0,58.0,58.0,53.0,47.0,47.0,40.0,34.0,36.0,45.0,42.0,45.0,60.0,70.0,82.0,88.0,89.0,92.0,,,,,,,,,,,,,,,,,,,,,,,,,,,,,,,,,,,,,,,,,,,,,,10,21,12,23
133,J-Shin,One Night Stand,274,R&B,96.0,96.0,69.0,74.0,72.0,62.0,49.0,45.0,38.0,34.0,38.0,45.0,47.0,58.0,68.0,88.0,99.0,,,,,,,,,,,,,,,,,,,,,,,,,,,,,,,,,,,,,,,,,,,,,,,,,12,25,2,26
134,Eve,Love Is Blind,231,Rap,94.0,91.0,57.0,46.0,46.0,40.0,34.0,39.0,42.0,46.0,50.0,59.0,66.0,78.0,87.0,99.0,,,,,,,,,,,,,,,,,,,,,,,,,,,,,,,,,,,,,,,,,,,,,,,,,,1,8,2,19
135,Aaliyah,I Don't Wanna,255,Rock,84.0,62.0,51.0,41.0,38.0,35.0,35.0,38.0,38.0,36.0,37.0,37.0,38.0,49.0,61.0,63.0,62.0,67.0,83.0,86.0,,,,,,,,,,,,,,,,,,,,,,,,,,,,,,,,,,,,,,,,,,,,,,1,29,3,4
136,"Montgomery, John Michael",The Little Girl,232,Country,81.0,67.0,64.0,56.0,45.0,41.0,41.0,35.0,35.0,38.0,37.0,42.0,45.0,50.0,57.0,63.0,62.0,83.0,74.0,74.0,,,,,,,,,,,,,,,,,,,,,,,,,,,,,,,,,,,,,,,,,,,,,,9,9,10,28
137,"Carter, Aaron",Aaron's Party (Come Get It),203,R&B,99.0,75.0,57.0,35.0,35.0,37.0,43.0,79.0,51.0,55.0,67.0,83.0,86.0,92.0,100.0,,,,,,,,,,,,,,,,,,,,,,,,,,,,,,,,,,,,,,,,,,,,,,,,,,,8,26,9,16
138,"Vassar, Phil",Just Another Day In Paradise,234,Country,81.0,81.0,76.0,67.0,53.0,46.0,43.0,38.0,36.0,35.0,43.0,41.0,46.0,51.0,62.0,58.0,63.0,70.0,74.0,79.0,,,,,,,,,,,,,,,,,,,,,,,,,,,,,,,,,,,,,,,,,,,,,,9,30,12,2
139,Ice Cube,You Can Do It,260,Rap,86.0,66.0,50.0,42.0,42.0,40.0,35.0,46.0,45.0,54.0,73.0,89.0,,,,,,,,,,,,,,,,,,,,,,,,,,,,,,,,,,,,,,,,,,,,,,,,,,,,,,12,4,1,15
140,"Wills, Mark",Back At One,240,Country,89.0,55.0,51.0,43.0,37.0,37.0,36.0,39.0,42.0,46.0,45.0,52.0,64.0,74.0,84.0,90.0,94.0,99.0,,,,,,,,,,,,,,,,,,,,,,,,,,,,,,,,,,,,,,,,,,,,,,,,1,15,2,26
141,Lucy Pearl,Dance Tonight,225,R&B,80.0,75.0,63.0,59.0,55.0,49.0,42.0,42.0,40.0,40.0,36.0,43.0,46.0,54.0,72.0,84.0,84.0,86.0,92.0,,,,,,,,,,,,,,,,,,,,,,,,,,,,,,,,,,,,,,,,,,,,,,,5,20,7,29
142,"Jackson, Alan",It Must Be Love,173,Country,76.0,74.0,68.0,63.0,57.0,49.0,44.0,39.0,39.0,38.0,37.0,37.0,40.0,47.0,62.0,64.0,75.0,80.0,84.0,89.0,,,,,,,,,,,,,,,,,,,,,,,,,,,,,,,,,,,,,,,,,,,,,,6,24,9,2
143,"Griggs, Andy",She's More,199,Country,81.0,76.0,69.0,67.0,62.0,55.0,52.0,51.0,51.0,48.0,47.0,43.0,42.0,37.0,41.0,50.0,69.0,73.0,77.0,85.0,,,,,,,,,,,,,,,,,,,,,,,,,,,,,,,,,,,,,,,,,,,,,,3,11,6,10
144,No Doubt,Simple Kind Of Life,251,Rock,50.0,40.0,39.0,38.0,38.0,48.0,52.0,55.0,80.0,85.0,88.0,100.0,98.0,,,,,,,,,,,,,,,,,,,,,,,,,,,,,,,,,,,,,,,,,,,,,,,,,,,,,7,1,7,22
145,"Jean, Wyclef",911,240,Rap,77.0,74.0,64.0,61.0,53.0,48.0,43.0,38.0,42.0,38.0,44.0,49.0,53.0,61.0,66.0,68.0,80.0,85.0,96.0,,,,,,,,,,,,,,,,,,,,,,,,,,,,,,,,,,,,,,,,,,,,,,,10,7,11,25
146,Rascal Flatts,Prayin' For Daylight,216,Country,87.0,78.0,72.0,68.0,66.0,64.0,58.0,58.0,56.0,54.0,49.0,46.0,46.0,41.0,38.0,38.0,47.0,65.0,72.0,77.0,,,,,,,,,,,,,,,,,,,,,,,,,,,,,,,,,,,,,,,,,,,,,,5,6,8,12
147,Vitamin C,Graduation (Friends Forever),263,Rock,81.0,64.0,54.0,54.0,46.0,40.0,40.0,40.0,38.0,42.0,57.0,87.0,,,,,,,,,,,,,,,,,,,,,,,,,,,,,,,,,,,,,,,,,,,,,,,,,,,,,,4,15,6,10
148,"Gilman, Billy",One Voice,247,Country,86.0,86.0,82.0,72.0,65.0,56.0,56.0,55.0,44.0,44.0,43.0,38.0,40.0,44.0,61.0,77.0,85.0,95.0,97.0,,,,,,,,,,,,,,,,,,,,,,,,,,,,,,,,,,,,,,,,,,,,,,,6,17,9,2
149,Lonestar,Smile,213,Country,89.0,80.0,80.0,80.0,65.0,47.0,44.0,42.0,39.0,39.0,43.0,41.0,43.0,45.0,50.0,58.0,67.0,78.0,85.0,91.0,,,,,,,,,,,,,,,,,,,,,,,,,,,,,,,,,,,,,,,,,,,,,,12,18,2,12
150,"Rogers, Kenny",Buy Me A Rose,226,Country,79.0,72.0,65.0,65.0,54.0,46.0,46.0,43.0,40.0,40.0,46.0,54.0,58.0,66.0,73.0,82.0,86.0,84.0,88.0,91.0,,,,,,,,,,,,,,,,,,,,,,,,,,,,,,,,,,,,,,,,,,,,,,3,11,5,6
151,"Lawrence, Tracy",Lessons Learned,175,Country,80.0,73.0,61.0,61.0,48.0,48.0,48.0,48.0,44.0,42.0,40.0,40.0,50.0,66.0,81.0,93.0,94.0,99.0,99.0,100.0,,,,,,,,,,,,,,,,,,,,,,,,,,,,,,,,,,,,,,,,,,,,,,1,29,4,8
152,"Strait, George",Go On,228,Country,71.0,67.0,63.0,56.0,53.0,48.0,46.0,46.0,44.0,40.0,44.0,46.0,49.0,56.0,56.0,71.0,78.0,88.0,95.0,,97.0,,,,,,,,,,,,,,,,,,,,,,,,,,,,,,,,,,,,,,,,,,,,,8,26,10,28
153,Sisqo,Got To Get It,232,Rock,92.0,76.0,73.0,58.0,48.0,48.0,48.0,48.0,49.0,40.0,43.0,51.0,50.0,57.0,63.0,64.0,68.0,82.0,88.0,95.0,,,,,,,,,,,,,,,,,,,,,,,,,,,,,,,,,,,,,,,,,,,,,,11,20,1,22
154,Baha Men,Who Let The Dogs Out,197,R&B,99.0,92.0,85.0,76.0,65.0,54.0,61.0,58.0,54.0,54.0,53.0,53.0,43.0,40.0,44.0,41.0,51.0,65.0,78.0,84.0,,,,,,,,,,,,,,,,,,,,,,,,,,,,,,,,,,,,,,,,,,,,,,7,22,10,21
155,"Walker, Clay",The Chain Of Love,303,Country,73.0,65.0,57.0,57.0,51.0,48.0,44.0,43.0,40.0,45.0,44.0,53.0,57.0,68.0,71.0,81.0,90.0,94.0,94.0,95.0,,,,,,,,,,,,,,,,,,,,,,,,,,,,,,,,,,,,,,,,,,,,,,4,15,6,10
156,"McBride, Martina",Love's The Only House,313,Country,79.0,69.0,65.0,58.0,53.0,52.0,52.0,48.0,45.0,43.0,42.0,42.0,50.0,60.0,64.0,75.0,91.0,93.0,92.0,90.0,,,,,,,,,,,,,,,,,,,,,,,,,,,,,,,,,,,,,,,,,,,,,,2,5,4,15
157,Amber,Sexual (Li Da Di),278,Rock,99.0,99.0,96.0,96.0,100.0,93.0,93.0,96.0,,,99.0,,96.0,96.0,99.0,98.0,98.0,,95.0,88.0,88.0,79.0,76.0,69.0,69.0,59.0,58.0,58.0,49.0,44.0,42.0,46.0,50.0,,,,,,,,,,,,,,,,,,,,,,,,,,,,,,,,,7,17,2,12
158,"Tippin, Aaron",Kiss This,173,Country,74.0,72.0,66.0,53.0,52.0,47.0,47.0,45.0,42.0,46.0,51.0,60.0,68.0,69.0,78.0,94.0,87.0,92.0,97.0,99.0,,,,,,,,,,,,,,,,,,,,,,,,,,,,,,,,,,,,,,,,,,,,,,8,26,10,21
159,SheDaisy,I Will.. But,220,Country,78.0,74.0,70.0,61.0,59.0,52.0,48.0,47.0,45.0,43.0,44.0,43.0,52.0,56.0,70.0,80.0,86.0,81.0,85.0,87.0,,,,,,,,,,,,,,,,,,,,,,,,,,,,,,,,,,,,,,,,,,,,,,7,15,9,16
160,"Raye, Collin",Couldn't Last A Moment,220,Country,91.0,85.0,75.0,73.0,67.0,63.0,63.0,63.0,56.0,49.0,48.0,46.0,44.0,44.0,43.0,45.0,53.0,66.0,73.0,89.0,,,,,,,,,,,,,,,,,,,,,,,,,,,,,,,,,,,,,,,,,,,,,,3,18,6,24
161,Black Rob,Whoa!,244,Rap,78.0,59.0,53.0,52.0,47.0,46.0,43.0,47.0,47.0,58.0,54.0,57.0,70.0,85.0,84.0,93.0,97.0,,,,,,,,,,,,,,,,,,,,,,,,,,,,,,,,,,,,,,,,,,,,,,,,,3,4,4,15
162,"Jackson, Alan",Pop A Top,184,Country,79.0,73.0,70.0,64.0,63.0,57.0,55.0,55.0,63.0,52.0,43.0,47.0,55.0,78.0,95.0,100.0,,100.0,,,,,,,,,,,,,,,,,,,,,,,,,,,,,,,,,,,,,,,,,,,,,,,,11,13,1,22
163,"Black, Clint",Been There,328,Country,87.0,73.0,62.0,58.0,58.0,57.0,51.0,47.0,44.0,44.0,44.0,55.0,53.0,53.0,63.0,84.0,85.0,87.0,95.0,100.0,,,,,,,,,,,,,,,,,,,,,,,,,,,,,,,,,,,,,,,,,,,,,,2,19,4,15
164,Common,The Light,235,Rap,75.0,55.0,53.0,49.0,46.0,44.0,49.0,51.0,51.0,56.0,52.0,56.0,70.0,82.0,86.0,89.0,93.0,93.0,99.0,,,,,,,,,,,,,,,,,,,,,,,,,,,,,,,,,,,,,,,,,,,,,,,8,5,9,9
165,"Vassar, Phil",Carlene,247,Country,75.0,67.0,64.0,64.0,57.0,53.0,47.0,45.0,45.0,50.0,52.0,56.0,59.0,78.0,83.0,84.0,91.0,96.0,93.0,,,,,,,,,,,,,,,,,,,,,,,,,,,,,,,,,,,,,,,,,,,,,,,3,4,4,22
166,"Jackson, Alan",www.memory,156,Country,75.0,59.0,59.0,54.0,50.0,49.0,47.0,45.0,49.0,69.0,63.0,67.0,77.0,89.0,99.0,,,,,,,,,,,,,,,,,,,,,,,,,,,,,,,,,,,,,,,,,,,,,,,,,,,11,4,12,23
167,Vitamin C,The Itch,210,Rock'n'roll,86.0,48.0,45.0,52.0,57.0,58.0,76.0,95.0,100.0,,,,,,,,,,,,,,,,,,,,,,,,,,,,,,,,,,,,,,,,,,,,,,,,,,,,,,,,,12,2,12,16
168,"Eastsidaz, The",G'D Up,267,Rap,77.0,77.0,89.0,64.0,57.0,47.0,47.0,55.0,65.0,69.0,83.0,82.0,90.0,94.0,,,,,,,,,,,,,,,,,,,,,,,,,,,,,,,,,,,,,,,,,,,,,,,,,,,,1,8,2,12
169,Ideal,Whatever,228,R&B,75.0,75.0,67.0,73.0,64.0,56.0,54.0,54.0,54.0,48.0,47.0,50.0,60.0,68.0,73.0,81.0,92.0,90.0,,,,,,,,,,,,,,,,,,,,,,,,,,,,,,,,,,,,,,,,,,,,,,,,6,10,8,19
170,"Thomas, Carl",Emotional,271,Rock,77.0,63.0,61.0,58.0,54.0,47.0,53.0,52.0,49.0,52.0,60.0,62.0,69.0,69.0,63.0,76.0,87.0,82.0,91.0,99.0,,,,,,,,,,,,,,,,,,,,,,,,,,,,,,,,,,,,,,,,,,,,,,11,25,12,30
171,Ginuwine,None Of Ur Friends Business,252,Rock,94.0,84.0,71.0,71.0,60.0,63.0,48.0,48.0,48.0,55.0,64.0,71.0,85.0,85.0,92.0,,,,,,,,,,,,,,,,,,,,,,,,,,,,,,,,,,,,,,,,,,,,,,,,,,,12,11,1,22
172,"Davidson, Clay",Unconditional,236,Country,97.0,97.0,97.0,90.0,83.0,78.0,74.0,69.0,60.0,56.0,54.0,50.0,49.0,55.0,52.0,51.0,51.0,62.0,63.0,83.0,,,,,,,,,,,,,,,,,,,,,,,,,,,,,,,,,,,,,,,,,,,,,,3,25,6,17
173,DMX,What You Want,245,Rap,98.0,95.0,95.0,87.0,86.0,79.0,62.0,60.0,58.0,57.0,52.0,55.0,49.0,57.0,62.0,65.0,87.0,89.0,99.0,100.0,,,,,,,,,,,,,,,,,,,,,,,,,,,,,,,,,,,,,,,,,,,,,,7,1,9,23
174,"John, Elton",Someday Out Of The Blue,281,Rock,56.0,56.0,49.0,59.0,67.0,60.0,64.0,73.0,81.0,90.0,93.0,89.0,98.0,94.0,99.0,,,,,,,,,,,,,,,,,,,,,,,,,,,,,,,,,,,,,,,,,,,,,,,,,,,4,22,5,6
175,Pearl Jam,Nothing As It Seems,320,Rock,49.0,70.0,84.0,89.0,93.0,91.0,,,,,,,,,,,,,,,,,,,,,,,,,,,,,,,,,,,,,,,,,,,,,,,,,,,,,,,,,,,,5,13,5,13
176,Mya,The Best Of Me,252,Rock,85.0,70.0,65.0,62.0,55.0,50.0,50.0,56.0,61.0,61.0,72.0,84.0,81.0,86.0,86.0,94.0,97.0,,,,,,,,,,,,,,,,,,,,,,,,,,,,,,,,,,,,,,,,,,,,,,,,,4,15,5,20
177,"Heatherly, Eric",Flowers On The Wall,196,Country,95.0,88.0,88.0,82.0,82.0,77.0,72.0,67.0,65.0,65.0,65.0,60.0,60.0,53.0,51.0,50.0,57.0,77.0,83.0,89.0,,,,,,,,,,,,,,,,,,,,,,,,,,,,,,,,,,,,,,,,,,,,,,4,29,8,12
178,Eminem,Stan,326,Rap,78.0,67.0,57.0,57.0,51.0,51.0,51.0,57.0,55.0,70.0,69.0,77.0,88.0,93.0,100.0,,,,,,,,,,,,,,,,,,,,,,,,,,,,,,,,,,,,,,,,,,,,,,,,,,,11,4,12,2
179,"McEntire, Reba",I'll Be,263,Country,89.0,79.0,79.0,72.0,69.0,64.0,61.0,57.0,55.0,55.0,52.0,51.0,53.0,60.0,81.0,84.0,93.0,91.0,94.0,100.0,,,,,,,,,,,,,,,,,,,,,,,,,,,,,,,,,,,,,,,,,,,,,,5,13,7,29
180,"Lopez, Jennifer",Feelin' Good,268,Latin,79.0,79.0,66.0,54.0,54.0,54.0,54.0,51.0,61.0,79.0,96.0,,,64.0,74.0,73.0,79.0,82.0,96.0,,,,,,,,,,,,,,,,,,,,,,,,,,,,,,,,,,,,,,,,,,,,,,,2,19,4,8
181,"Urban, Keith",Your Everything,250,Country,81.0,80.0,73.0,73.0,67.0,64.0,60.0,59.0,53.0,51.0,55.0,66.0,84.0,90.0,96.0,100.0,,,,,,,,,,,,,,,,,,,,,,,,,,,,,,,,,,,,,,,,,,,,,,,,,,7,15,9,16
182,TLC,Dear Lie,276,Rock,63.0,55.0,52.0,51.0,56.0,74.0,92.0,,,,,,,,,,,,,,,,,,,,,,,,,,,,,,,,,,,,,,,,,,,,,,,,,,,,,,,,,,,2,12,3,4
183,"Gill, Vince",Feels Like Love,253,Country,82.0,76.0,74.0,73.0,73.0,65.0,59.0,58.0,54.0,54.0,53.0,52.0,55.0,52.0,57.0,76.0,91.0,99.0,,91.0,89.0,,,,,,,,,,,,,,,,,,,,,,,,,,,,,,,,,,,,,,,,,,,,,9,2,11,18
184,"Houston, Whitney",Could I Have This Kiss Forever,234,Rock,74.0,68.0,68.0,67.0,59.0,59.0,60.0,52.0,54.0,56.0,59.0,70.0,69.0,81.0,87.0,95.0,98.0,100.0,,97.0,,,,,,,,,,,,,,,,,,,,,,,,,,,,,,,,,,,,,,,,,,,,,,6,17,8,5
185,Bloodhound Gang,The Bad Touch,260,R&B,70.0,62.0,55.0,55.0,52.0,57.0,72.0,80.0,82.0,92.0,96.0,98.0,,,,,,,,,,,,,,,,,,,,,,,,,,,,,,,,,,,,,,,,,,,,,,,,,,,,,,3,18,4,15
186,"Williams, Robbie",Angels,236,Rock,85.0,77.0,69.0,69.0,62.0,56.0,56.0,64.0,54.0,53.0,72.0,83.0,81.0,88.0,96.0,93.0,91.0,89.0,95.0,,,,,,,,,,,,,,,,,,,,,,,,,,,,,,,,,,,,,,,,,,,,,,,11,20,1,22
187,"Messina, Jo Dee",Because You Love Me,230,Country,83.0,78.0,71.0,71.0,66.0,55.0,53.0,57.0,61.0,61.0,61.0,72.0,93.0,,,,,,,,,,,,,,,,,,,,,,,,,,,,,,,,,,,,,,,,,,,,,,,,,,,,,1,29,3,11
188,"Keith, Toby",Country Comes To Town,219,Country,82.0,78.0,75.0,69.0,66.0,62.0,59.0,58.0,55.0,55.0,54.0,62.0,81.0,95.0,93.0,,,,,,,,,,,,,,,,,,,,,,,,,,,,,,,,,,,,,,,,,,,,,,,,,,,8,5,10,14
189,Beenie Man,Girls Dem Sugar,257,Reggae,72.0,72.0,63.0,56.0,62.0,63.0,54.0,60.0,69.0,75.0,84.0,92.0,85.0,84.0,95.0,,,,,,,,,,,,,,,,,,,,,,,,,,,,,,,,,,,,,,,,,,,,,,,,,,,10,21,12,2
190,"Hill, Faith",Let's Make Love,251,Rap,83.0,83.0,73.0,73.0,67.0,60.0,60.0,60.0,57.0,55.0,54.0,69.0,88.0,91.0,,,,,,,,,,,,,,,,,,,,,,,,,,,,,,,,,,,,,,,,,,,,,,,,,,,,8,12,10,21
191,Kelis,Caught Out There,249,R&B,84.0,68.0,67.0,63.0,63.0,54.0,56.0,59.0,68.0,67.0,75.0,90.0,,,,,,,,,,,,,,,,,,,,,,,,,,,,,,,,,,,,,,,,,,,,,,,,,,,,,,12,4,1,8
192,Jay-Z,Anything,221,Rap,72.0,58.0,55.0,55.0,63.0,74.0,86.0,92.0,,,,,,,,,,,,,,,,,,,,,,,,,,,,,,,,,,,,,,,,,,,,,,,,,,,,,,,,,,2,26,3,11
193,3 Doors Down,Loser,264,Rock,76.0,76.0,72.0,69.0,67.0,65.0,55.0,59.0,62.0,61.0,61.0,59.0,61.0,66.0,72.0,76.0,75.0,67.0,73.0,70.0,,,,,,,,,,,,,,,,,,,,,,,,,,,,,,,,,,,,,,,,,,,,,,10,21,12,2
194,Brooks & Dunn,You'll Always Be Loved By Me,178,Country,95.0,85.0,85.0,85.0,83.0,83.0,82.0,74.0,74.0,68.0,62.0,56.0,56.0,55.0,62.0,71.0,86.0,100.0,98.0,,,,,,,,,,,,,,,,,,,,,,,,,,,,,,,,,,,,,,,,,,,,,,,6,10,9,9
195,"Chesney, Kenny",What I Need To Do,245,Country,79.0,74.0,68.0,72.0,69.0,69.0,62.0,58.0,57.0,57.0,56.0,56.0,56.0,72.0,80.0,93.0,95.0,,,,,,,,,,,,,,,,,,,,,,,,,,,,,,,,,,,,,,,,,,,,,,,,,4,1,6,10
196,"Stone, Angie",No More Rain (In This Cloud),282,R&B,86.0,86.0,74.0,66.0,56.0,60.0,56.0,60.0,67.0,69.0,63.0,73.0,71.0,81.0,89.0,98.0,100.0,,,,,,,,,,,,,,,,,,,,,,,,,,,,,,,,,,,,,,,,,,,,,,,,,12,25,1,22
197,Da Brat,That's What I'm Looking For,224,Rap,93.0,73.0,60.0,60.0,60.0,60.0,63.0,56.0,58.0,70.0,71.0,72.0,90.0,94.0,94.0,94.0,94.0,100.0,,,,,,,,,,,,,,,,,,,,,,,,,,,,,,,,,,,,,,,,,,,,,,,,2,26,4,15
198,SheDaisy,This Woman Needs,200,Country,82.0,70.0,70.0,67.0,57.0,57.0,61.0,68.0,82.0,,,,,,,,,,,,,,,,,,,,,,,,,,,,,,,,,,,,,,,,,,,,,,,,,,,,,,,,,2,5,3,4
199,Papa Roach,Last Resort,199,Rock,75.0,71.0,69.0,69.0,66.0,64.0,61.0,61.0,66.0,64.0,63.0,60.0,65.0,66.0,62.0,66.0,64.0,64.0,57.0,72.0,,,,,,,,,,,,,,,,,,,,,,,,,,,,,,,,,,,,,,,,,,,,,,7,29,12,2
200,"Adams, Yolanda",Open My Heart,330,Gospel,76.0,76.0,74.0,69.0,68.0,67.0,61.0,58.0,57.0,59.0,66.0,68.0,61.0,67.0,59.0,63.0,67.0,71.0,79.0,89.0,,,,,,,,,,,,,,,,,,,,,,,,,,,,,,,,,,,,,,,,,,,,,,8,26,10,21
201,Shyne,Bad Boyz,262,Rap,94.0,87.0,90.0,90.0,82.0,67.0,61.0,57.0,71.0,78.0,74.0,81.0,88.0,96.0,100.0,,,,,,,,,,,,,,,,,,,,,,,,,,,,,,,,,,,,,,,,,,,,,,,,,,,9,9,10,28
202,R.E.M.,The Great Beyond,250,Rock,79.0,79.0,70.0,62.0,60.0,57.0,61.0,66.0,60.0,59.0,60.0,63.0,79.0,91.0,,,,,,,,,,,,,,,,,,,,,,,,,,,,,,,,,,,,,,,,,,,,,,,,,,,,12,25,1,29
203,"Diffie, Joe",It's Always Somethin',175,Country,81.0,78.0,67.0,63.0,60.0,57.0,63.0,69.0,78.0,85.0,92.0,92.0,,99.0,100.0,,,,,,,,,,,,,,,,,,,,,,,,,,,,,,,,,,,,,,,,,,,,,,,,,,,8,12,9,16
204,"McGraw, Tim",Some Things Never Change,236,Country,76.0,66.0,66.0,65.0,63.0,60.0,60.0,58.0,58.0,58.0,58.0,59.0,70.0,93.0,,,,,,,,,,,,,,,,,,,,,,,,,,,,,,,,,,,,,,,,,,,,,,,,,,,,5,13,7,1
205,"Henley, Don",Taking You Home,248,Rock,79.0,77.0,74.0,73.0,66.0,62.0,58.0,58.0,61.0,68.0,71.0,71.0,79.0,83.0,85.0,87.0,83.0,90.0,87.0,87.0,,,,,,,,,,,,,,,,,,,,,,,,,,,,,,,,,,,,,,,,,,,,,,6,24,8,5
206,Eminem,The Way I Am,280,Rap,87.0,74.0,59.0,65.0,59.0,58.0,59.0,62.0,89.0,86.0,,,,,,,,,,,,,,,,,,,,,,,,,,,,,,,,,,,,,,,,,,,,,,,,,,,,,,,,8,26,9,30
207,Nas,You Owe Me,231,R&B,74.0,72.0,68.0,59.0,59.0,59.0,67.0,67.0,63.0,69.0,75.0,82.0,79.0,88.0,95.0,96.0,,,,,,,,,,,,,,,,,,,,,,,,,,,,,,,,,,,,,,,,,,,,,,,,,,3,25,4,15
208,Sister Hazel,Change Your Mind,242,Rock,75.0,67.0,66.0,59.0,63.0,71.0,78.0,81.0,78.0,78.0,84.0,87.0,94.0,91.0,93.0,95.0,100.0,98.0,96.0,98.0,,,,,,,,,,,,,,,,,,,,,,,,,,,,,,,,,,,,,,,,,,,,,,7,15,8,5
209,Puff Daddy,Best Friend,333,Rap,65.0,59.0,62.0,79.0,99.0,,,,,,,,,,,,,,,,,,,,,,,,,,,,,,,,,,,,,,,,,,,,,,,,,,,,,,,,,,,,,2,12,2,19
210,"McBride, Martina",There You Are,206,Country,79.0,75.0,75.0,75.0,73.0,64.0,60.0,60.0,60.0,63.0,63.0,82.0,92.0,,,,,,,,,,,,,,,,,,,,,,,,,,,,,,,,,,,,,,,,,,,,,,,,,,,,,9,9,10,21
211,Usher,Pop Ya Collar,216,Rock,68.0,64.0,60.0,60.0,62.0,79.0,93.0,,,,,,,,,,,,,,,,,,,,,,,,,,,,,,,,,,,,,,,,,,,,,,,,,,,,,,,,,,,11,4,11,18
212,Lil' Kim,No Matter What They Say,252,Rap,80.0,72.0,67.0,60.0,65.0,73.0,81.0,86.0,90.0,97.0,,,,,,,,,,,,,,,,,,,,,,,,,,,,,,,,,,,,,,,,,,,,,,,,,,,,,,,,7,15,8,5
213,LFO,I Don't Wanna Kiss You Goodnight,300,Rock,63.0,61.0,68.0,73.0,91.0,,,,,,,,,,,,,,,,,,,,,,,,,,,,,,,,,,,,,,,,,,,,,,,,,,,,,,,,,,,,,4,15,4,22
214,SheDaisy,Deck The Halls,226,Country,97.0,61.0,,,,,,,,,,,,,,,,,,,,,,,,,,,,,,,,,,,,,,,,,,,,,,,,,,,,,,,,,,,,,,,,12,25,1,1
215,Splender,I Think God Can Explain,235,R&B,71.0,66.0,62.0,62.0,62.0,64.0,65.0,71.0,81.0,89.0,95.0,100.0,,,,,,,,,,,,,,,,,,,,,,,,,,,,,,,,,,,,,,,,,,,,,,,,,,,,,,6,10,6,24
216,"Simpson, Jessica",Where You Are,231,Rock,73.0,66.0,62.0,62.0,76.0,93.0,,,,,,,,,,,,,,,,,,,,,,,,,,,,,,,,,,,,,,,,,,,,,,,,,,,,,,,,,,,,4,1,4,15
217,M2M,Mirror Mirror,199,Pop,87.0,87.0,94.0,91.0,75.0,68.0,65.0,86.0,62.0,70.0,74.0,70.0,70.0,80.0,82.0,87.0,90.0,96.0,,,,,,,,,,,,,,,,,,,,,,,,,,,,,,,,,,,,,,,,,,,,,,,,4,1,5,27
218,Kumbia Kings,U Don't Love Me,230,R & B,81.0,64.0,62.0,67.0,70.0,70.0,75.0,87.0,89.0,100.0,,,,,,,,,,,,,,,,,,,,,,,,,,,,,,,,,,,,,,,,,,,,,,,,,,,,,,,,3,4,3,18
219,Joe,Treat Her Like A Lady,252,Rock,77.0,75.0,63.0,63.0,69.0,64.0,68.0,67.0,72.0,79.0,78.0,84.0,85.0,90.0,89.0,99.0,100.0,,,,,,,,,,,,,,,,,,,,,,,,,,,,,,,,,,,,,,,,,,,,,,,,,8,5,8,19
220,"Blige, Mary J.",Deep Inside,326,Rock,83.0,80.0,80.0,75.0,75.0,73.0,64.0,64.0,65.0,67.0,63.0,67.0,75.0,85.0,94.0,,,,,,,,,,,,,,,,,,,,,,,,,,,,,,,,,,,,,,,,,,,,,,,,,,,11,13,1,22
221,"Price, Kelly",You Should've Told Me,192,Rock,91.0,91.0,91.0,87.0,86.0,79.0,79.0,75.0,70.0,68.0,64.0,64.0,68.0,70.0,74.0,90.0,86.0,85.0,93.0,92.0,,,,,,,,,,,,,,,,,,,,,,,,,,,,,,,,,,,,,,,,,,,,,,9,23,12,2
222,Changing Faces,That Other Woman,240,Rock,80.0,72.0,66.0,66.0,64.0,76.0,65.0,66.0,75.0,85.0,97.0,,,,,,,,,,,,,,,,,,,,,,,,,,,,,,,,,,,,,,,,,,,,,,,,,,,,,,,9,30,10,28
223,"Wright, Chely",It Was,231,R & B,86.0,78.0,75.0,72.0,71.0,69.0,64.0,75.0,85.0,98.0,,,,,,,,,,,,,,,,,,,,,,,,,,,,,,,,,,,,,,,,,,,,,,,,,,,,,,,,3,4,4,15
224,Limp Bizkit,Rollin',244,Rock'n'roll,77.0,73.0,72.0,66.0,65.0,65.0,67.0,73.0,74.0,78.0,80.0,86.0,86.0,91.0,93.0,96.0,100.0,,,,,,,,,,,,,,,,,,,,,,,,,,,,,,,,,,,,,,,,,,,,,,,,,11,11,12,9
225,Hot Boys,I Need A Hot Girl,256,Rap,77.0,75.0,71.0,65.0,65.0,70.0,69.0,77.0,79.0,90.0,92.0,95.0,100.0,,,,,,,,,,,,,,,,,,,,,,,,,,,,,,,,,,,,,,,,,,,,,,,,,,,,,2,19,3,11
226,Jay-Z,Do It Again (Put Ya Hands Up),227,Rap,95.0,68.0,65.0,65.0,74.0,84.0,92.0,96.0,95.0,,,,,,,,,,,,,,,,,,,,,,,,,,,,,,,,,,,,,,,,,,,,,,,,,,,,,,,,,1,15,1,29
227,"Adkins, Trace",More,185,Country,84.0,84.0,75.0,73.0,73.0,69.0,68.0,65.0,73.0,83.0,92.0,,,,,,,,,,,,,,,,,,,,,,,,,,,,,,,,,,,,,,,,,,,,,,,,,,,,,,,4,29,6,17
228,"Dixie Chicks, The",Cold Day In July,312,Country,80.0,79.0,76.0,72.0,68.0,68.0,65.0,70.0,84.0,91.0,,,,,,,,,,,,,,,,,,,,,,,,,,,,,,,,,,,,,,,,,,,,,,,,,,,,,,,,6,24,8,5
229,"Price, Kelly",As We Lay,380,Rock'n'roll,82.0,69.0,69.0,64.0,71.0,79.0,82.0,89.0,,,,,,,,,,,,,,,,,,,,,,,,,,,,,,,,,,,,,,,,,,,,,,,,,,,,,,,,,,7,15,8,5
230,DMX,What's My Name,230,Rap,98.0,76.0,69.0,69.0,67.0,73.0,76.0,90.0,90.0,94.0,100.0,,,,,,,,,,,,,,,,,,,,,,,,,,,,,,,,,,,,,,,,,,,,,,,,,,,,,,,1,15,2,12
231,"Martin, Ricky",Private Emotion,242,Latin,76.0,67.0,71.0,78.0,89.0,,,,,,,,,,,,,,,,,,,,,,,,,,,,,,,,,,,,,,,,,,,,,,,,,,,,,,,,,,,,,3,11,3,18
232,Nine Days,If I Am,258,Rock'n'roll,68.0,68.0,81.0,94.0,100.0,,,,,,,,,,,,,,,,,,,,,,,,,,,,,,,,,,,,,,,,,,,,,,,,,,,,,,,,,,,,,12,2,12,2
233,"Blige, Mary J.",Give Me You,300,Rock'n'roll,97.0,94.0,77.0,76.0,68.0,77.0,89.0,90.0,,100.0,,,,,,,,,,,,,,,,,,,,,,,,,,,,,,,,,,,,,,,,,,,,,,,,,,,,,,,,4,15,5,13
234,Red Hot Chili Peppers,Californication,321,Rock'n'roll,72.0,72.0,72.0,77.0,79.0,77.0,75.0,84.0,85.0,79.0,74.0,69.0,74.0,75.0,77.0,71.0,78.0,89.0,97.0,,,,,,,,,,,,,,,,,,,,,,,,,,,,,,,,,,,,,,,,,,,,,,,7,29,10,14
235,Third Eye Blind,Deep Inside Of You,250,Rock'n'roll,80.0,73.0,70.0,70.0,70.0,69.0,72.0,79.0,90.0,97.0,95.0,93.0,,,,,,,,,,,,,,,,,,,,,,,,,,,,,,,,,,,,,,,,,,,,,,,,,,,,,,9,2,10,7
236,"Brooks, Garth",Do What You Gotta Do,176,Country,86.0,81.0,72.0,70.0,69.0,77.0,,,,,,,,,,,,,,,,,,,,,,,,,,,,,,,,,,,,,,,,,,,,,,,,,,,,,,,,,,,,2,19,3,18
237,"Offspring, The",Original Prankster,222,Rock,74.0,71.0,70.0,70.0,77.0,78.0,91.0,89.0,92.0,,,,,,,,,,,,,,,,,,,,,,,,,,,,,,,,,,,,,,,,,,,,,,,,,,,,,,,,,11,25,12,9
238,"Anthony, Marc",My Baby You,239,Latin,82.0,76.0,76.0,70.0,82.0,81.0,74.0,80.0,76.0,76.0,73.0,74.0,87.0,83.0,89.0,93.0,94.0,94.0,91.0,90.0,,,,,,,,,,,,,,,,,,,,,,,,,,,,,,,,,,,,,,,,,,,,,,9,16,10,7
239,"Houston, Whitney","Same Script, Different Cast",285,Rock,71.0,71.0,71.0,71.0,70.0,75.0,77.0,88.0,91.0,,,,,,,,,,,,,,,,,,,,,,,,,,,,,,,,,,,,,,,,,,,,,,,,,,,,,,,,,6,17,7,15
240,D'Angelo,Left & Right,275,R & B,93.0,77.0,75.0,70.0,91.0,,,,,,,,,,,,,,,,,,,,,,,,,,,,,,,,,,,,,,,,,,,,,,,,,,,,,,,,,,,,,12,11,1,1
241,"Kravitz, Lenny",I Belong To You,257,Rock,78.0,77.0,71.0,71.0,71.0,83.0,90.0,90.0,93.0,,,,,,,,,,,,,,,,,,,,,,,,,,,,,,,,,,,,,,,,,,,,,,,,,,,,,,,,,3,25,4,8
242,"Loveless, Patty",That's The Kind Of Mood I'm In,207,Country,98.0,93.0,93.0,93.0,88.0,88.0,82.0,81.0,73.0,71.0,71.0,72.0,85.0,91.0,,,,,,,,,,,,,,,,,,,,,,,,,,,,,,,,,,,,,,,,,,,,,,,,,,,,9,16,11,18
243,Q-Tip,Breathe And Stop,246,Rock,71.0,71.0,81.0,82.0,96.0,,,,,,,,,,,,,,,,,,,,,,,,,,,,,,,,,,,,,,,,,,,,,,,,,,,,,,,,,,,,,1,22,1,22
244,"Rimes, LeAnn",Can't Fight The Moonlight,213,Country,82.0,71.0,79.0,83.0,96.0,99.0,78.0,78.0,83.0,79.0,77.0,76.0,79.0,81.0,88.0,85.0,86.0,79.0,87.0,93.0,,,,,,,,,,,,,,,,,,,,,,,,,,,,,,,,,,,,,,,,,,,,,,9,9,9,16
245,Lil Wayne,Tha Block Is Hot,253,Rap,99.0,89.0,92.0,84.0,84.0,72.0,81.0,81.0,86.0,87.0,95.0,,,,,,,,,,,,,,,,,,,,,,,,,,,,,,,,,,,,,,,,,,,,,,,,,,,,,,,12,4,1,8
246,2 Pac,Baby Don't Cry (Keep Ya Head Up II),262,Rap,87.0,82.0,72.0,77.0,87.0,94.0,99.0,,,,,,,,,,,,,,,,,,,,,,,,,,,,,,,,,,,,,,,,,,,,,,,,,,,,,,,,,,,2,26,3,11
247,"Wallflowers, The",Sleepwalker,209,Rock,73.0,73.0,74.0,80.0,90.0,96.0,,,,,,,,,,,,,,,,,,,,,,,,,,,,,,,,,,,,,,,,,,,,,,,,,,,,,,,,,,,,10,28,10,28
248,Drama,"Left, Right, Left",217,Rap,100.0,98.0,89.0,80.0,75.0,73.0,80.0,86.0,91.0,96.0,100.0,98.0,96.0,,,,,,,,,,,,,,,,,,,,,,,,,,,,,,,,,,,,,,,,,,,,,,,,,,,,,2,12,3,18
249,Limp Bizkit,N 2 Gether Now,235,Rock,94.0,88.0,85.0,78.0,78.0,73.0,84.0,86.0,90.0,97.0,96.0,,,,,,,,,,,,,,,,,,,,,,,,,,,,,,,,,,,,,,,,,,,,,,,,,,,,,,,12,4,1,8
250,Lox,"Ryde or Die, Chick",236,Rap,86.0,73.0,80.0,84.0,91.0,97.0,97.0,,,,,,,,,,,,,,,,,,,,,,,,,,,,,,,,,,,,,,,,,,,,,,,,,,,,,,,,,,,3,18,3,25
251,Ying Yang Twins,Whistle While You Twurk,259,Rap,95.0,94.0,91.0,85.0,84.0,78.0,74.0,78.0,85.0,89.0,97.0,96.0,99.0,99.0,,,,,,,,,,,,,,,,,,,,,,,,,,,,,,,,,,,,,,,,,,,,,,,,,,,,3,18,4,29
252,"Walker, Clay","Live, Laugh, Love",246,Country,95.0,95.0,94.0,94.0,94.0,95.0,82.0,74.0,79.0,92.0,98.0,,,,,,,,,,,,,,,,,,,,,,,,,,,,,,,,,,,,,,,,,,,,,,,,,,,,,,,12,4,1,22
253,Metallica,No Leaf Clover (Live),343,Rock,86.0,81.0,78.0,76.0,74.0,80.0,86.0,93.0,95.0,95.0,,,,,,,,,,,,,,,,,,,,,,,,,,,,,,,,,,,,,,,,,,,,,,,,,,,,,,,,2,12,3,11
254,Yankee Grey,Another Nine Minutes,190,Country,86.0,83.0,77.0,74.0,83.0,79.0,88.0,95.0,,,,,,,,,,,,,,,,,,,,,,,,,,,,,,,,,,,,,,,,,,,,,,,,,,,,,,,,,,4,29,5,20
255,"Bega, Lou",Tricky Tricky ,203,Rock,75.0,74.0,87.0,,,,,,,,,,,,,,,,,,,,,,,,,,,,,,,,,,,,,,,,,,,,,,,,,,,,,,,,,,,,,,,1,29,2,5
256,Big Punisher,It's So Hard,205,Rap,96.0,87.0,75.0,79.0,81.0,81.0,76.0,76.0,78.0,84.0,90.0,88.0,94.0,98.0,100.0,,,,,,,,,,,,,,,,,,,,,,,,,,,,,,,,,,,,,,,,,,,,,,,,,,,4,22,5,6
257,"Worley, Darryl",When You Need My Love,215,Country,98.0,88.0,93.0,92.0,85.0,85.0,84.0,80.0,80.0,80.0,80.0,75.0,78.0,86.0,99.0,,,,,,,,,,,,,,,,,,,,,,,,,,,,,,,,,,,,,,,,,,,,,,,,,,,6,17,9,2
258,Lil' Kim,How Many Licks?,230,Rap,79.0,75.0,77.0,86.0,86.0,89.0,,,96.0,96.0,96.0,,,,,,,,,,,,,,,,,,,,,,,,,,,,,,,,,,,,,,,,,,,,,,,,,,,,,,,11,25,12,2
259,"Clark, Terri",A Little Gasoline,187,Country,75.0,82.0,88.0,96.0,99.0,99.0,,,,,,,,,,,,,,,,,,,,,,,,,,,,,,,,,,,,,,,,,,,,,,,,,,,,,,,,,,,,12,16,12,16
260,"Brock, Chad",A Country Boy Can Survive,234,Country,93.0,75.0,92.0,,,,,,,,,,,,,,,,,,,,,,,,,,,,,,,,,,,,,,,,,,,,,,,,,,,,,,,,,,,,,,,1,1,1,8
261,"Cagle, Chris",My Love Goes On And On,182,Country,99.0,94.0,94.0,87.0,84.0,83.0,76.0,76.0,79.0,83.0,91.0,,,,,,,,,,,,,,,,,,,,,,,,,,,,,,,,,,,,,,,,,,,,,,,,,,,,,,,10,21,12,2
262,"Byrd, Tracy",Put Your Hand In Mine,270,Country,81.0,77.0,76.0,76.0,86.0,88.0,92.0,99.0,,,,,,,,,,,,,,,,,,,,,,,,,,,,,,,,,,,,,,,,,,,,,,,,,,,,,,,,,,1,29,2,12
263,Metallica,I Disappear,266,Rock'n'roll,86.0,84.0,88.0,81.0,81.0,76.0,81.0,81.0,78.0,84.0,83.0,82.0,87.0,88.0,91.0,94.0,98.0,95.0,89.0,95.0,,,,,,,,,,,,,,,,,,,,,,,,,,,,,,,,,,,,,,,,,,,,,,5,13,6,17
264,Jay-Z,Hey Papi,220,Rap,98.0,100.0,98.0,94.0,83.0,83.0,80.0,78.0,76.0,77.0,85.0,91.0,93.0,88.0,94.0,,,,,,,,,,,,,,,,,,,,,,,,,,,,,,,,,,,,,,,,,,,,,,,,,,,8,12,10,7
265,Fatboy Slim,The Rockafeller Skank,240,Electronica,94.0,94.0,94.0,87.0,77.0,77.0,83.0,82.0,82.0,92.0,76.0,95.0,,,,,,,,,,,,,,,,,,,,,,,,,,,,,,,,,,,,,,,,,,,,,,,,,,,,,,11,13,1,22
266,"Levert, Gerald",Mr. Too Damn Good,246,R & B,84.0,83.0,83.0,76.0,86.0,86.0,88.0,97.0,,,,,,,,,,,,,,,,,,,,,,,,,,,,,,,,,,,,,,,,,,,,,,,,,,,,,,,,,,3,18,4,8
267,"McKnight, Brian",Stay Or Let It Go,272,Rock,95.0,92.0,82.0,78.0,76.0,88.0,100.0,93.0,,,,,,,,,,,,,,,,,,,,,,,,,,,,,,,,,,,,,,,,,,,,,,,,,,,,,,,,,,2,26,3,25
268,"Allan, Gary",Smoke Rings In The Dark,258,Country,80.0,78.0,76.0,77.0,92.0,,,,,,,,,,,,,,,,,,,,,,,,,,,,,,,,,,,,,,,,,,,,,,,,,,,,,,,,,,,,,1,22,2,5
269,Ginuwine,The Best Man I Can Be,246,Rock,97.0,97.0,83.0,94.0,84.0,88.0,85.0,82.0,77.0,77.0,85.0,89.0,,,,,,,,,,,,,,,,,,,,,,,,,,,,,,,,,,,,,,,,,,,,,,,,,,,,,,1,8,3,4
270,Before Dark,Monica,244,Rock,95.0,87.0,80.0,80.0,77.0,87.0,91.0,91.0,100.0,,,,,,,,,,,,,,,,,,,,,,,,,,,,,,,,,,,,,,,,,,,,,,,,,,,,,,,,,5,20,6,17
271,"Estefan, Gloria",No Me Dejes De Querer,205,Rock,77.0,,,,,,,,,,,,,,,,,,,,,,,,,,,,,,,,,,,,,,,,,,,,,,,,,,,,,,,,,,,,,,,,,6,10,6,10
272,Stone Temple Pilots,Sour Girl,256,Rock,79.0,79.0,79.0,78.0,78.0,87.0,89.0,88.0,95.0,93.0,91.0,94.0,98.0,,,,,,,,,,,,,,,,,,,,,,,,,,,,,,,,,,,,,,,,,,,,,,,,,,,,,7,8,7,29
273,Montgomery Gentry,Daddy Won't Sell The Farm,258,Country,87.0,83.0,81.0,79.0,81.0,96.0,,,,,,,,,,,,,,,,,,,,,,,,,,,,,,,,,,,,,,,,,,,,,,,,,,,,,,,,,,,,3,4,3,25
274,"Cyrus, Billy Ray",You Won't Be Lonely Now,225,Country,97.0,97.0,97.0,92.0,91.0,88.0,85.0,80.0,82.0,80.0,80.0,89.0,95.0,,,,,,,,,,,,,,,,,,,,,,,,,,,,,,,,,,,,,,,,,,,,,,,,,,,,,9,23,11,11
275,Clark Family Experience,Meanwhile Back At The Ranch,176,Country,87.0,86.0,81.0,92.0,80.0,80.0,82.0,84.0,82.0,81.0,85.0,91.0,,,,,,,,,,,,,,,,,,,,,,,,,,,,,,,,,,,,,,,,,,,,,,,,,,,,,,11,18,12,16
276,"Thomas, Carl",Summer Rain,297,Rock,82.0,82.0,86.0,80.0,82.0,83.0,84.0,82.0,88.0,94.0,95.0,,,,,,,,,,,,,,,,,,,,,,,,,,,,,,,,,,,,,,,,,,,,,,,,,,,,,,,9,23,10,14
277,"Yearwood, Trisha",Real Live Woman,235,Country,85.0,83.0,83.0,82.0,81.0,91.0,,,,,,,,,,,,,,,,,,,,,,,,,,,,,,,,,,,,,,,,,,,,,,,,,,,,,,,,,,,,4,1,4,29
278,Trick Daddy,Shut Up,257,Rap,99.0,95.0,87.0,87.0,83.0,83.0,89.0,87.0,92.0,92.0,97.0,,,,,,,,,,,,,,,,,,,,,,,,,,,,,,,,,,,,,,,,,,,,,,,,,,,,,,,5,20,6,17
279,"Moore, Chante",Straight Up,220,Rock,98.0,98.0,97.0,90.0,85.0,83.0,83.0,97.0,98.0,,,,,,,,,,,,,,,,,,,,,,,,,,,,,,,,,,,,,,,,,,,,,,,,,,,,,,,,,10,28,12,2
280,Cam'ron,What Means The World To You,278,Rap,94.0,94.0,96.0,91.0,84.0,83.0,88.0,87.0,95.0,92.0,,,,,,,,,,,,,,,,,,,,,,,,,,,,,,,,,,,,,,,,,,,,,,,,,,,,,,,,10,14,11,18
281,Juvenile,U Understand,231,Rap,85.0,83.0,100.0,98.0,97.0,96.0,,,,,,,,,,,,,,,,,,,,,,,,,,,,,,,,,,,,,,,,,,,,,,,,,,,,,,,,,,,,2,5,2,12
282,"Hollister, Dave",Can't Stay,377,Rock,84.0,84.0,93.0,98.0,,,,,,,,,,,,,,,,,,,,,,,,,,,,,,,,,,,,,,,,,,,,,,,,,,,,,,,,,,,,,,3,25,3,25
283,Tamia,Can't Go For That,218,Rock,90.0,86.0,84.0,88.0,97.0,,,,,,,,,,,,,,,,,,,,,,,,,,,,,,,,,,,,,,,,,,,,,,,,,,,,,,,,,,,,,9,16,9,30
284,LFO,West Side Story,207,Rock'n'roll,96.0,84.0,88.0,96.0,,,,,,,,,,,,,,,,,,,,,,,,,,,,,,,,,,,,,,,,,,,,,,,,,,,,,,,,,,,,,,8,5,8,12
285,"Paisley, Brad",Me Neither,199,Country,87.0,85.0,90.0,92.0,,,,,,,,,,,,,,,,,,,,,,,,,,,,,,,,,,,,,,,,,,,,,,,,,,,,,,,,,,,,,,5,13,5,20
286,"Carter, Torrey",Take That,223,Rock,94.0,88.0,86.0,91.0,89.0,87.0,99.0,,,,,,,,,,,,,,,,,,,,,,,,,,,,,,,,,,,,,,,,,,,,,,,,,,,,,,,,,,,6,24,7,8
287,2Ge+her,The Hardest Part Of Breaking Up (Is Getting Back Your Stuff),195,R & B,91.0,87.0,92.0,,,,,,,,,,,,,,,,,,,,,,,,,,,,,,,,,,,,,,,,,,,,,,,,,,,,,,,,,,,,,,,9,2,9,9
288,Madison Avenue,Don't Call Me Baby,224,Electronica,98.0,96.0,93.0,93.0,93.0,92.0,92.0,92.0,90.0,92.0,88.0,88.0,88.0,95.0,93.0,98.0,93.0,92.0,90.0,97.0,,,,,,,,,,,,,,,,,,,,,,,,,,,,,,,,,,,,,,,,,,,,,,7,8,9,16
289,Eve,Got It All,228,Rap,89.0,88.0,88.0,91.0,95.0,,,,,,,,,,,,,,,,,,,,,,,,,,,,,,,,,,,,,,,,,,,,,,,,,,,,,,,,,,,,,7,15,7,22
290,Limp Bizkit,Re-Arranged,248,Rock,91.0,91.0,90.0,95.0,95.0,99.0,96.0,96.0,92.0,88.0,89.0,93.0,91.0,91.0,89.0,90.0,93.0,100.0,,,,,,,,,,,,,,,,,,,,,,,,,,,,,,,,,,,,,,,,,,,,,,,,12,4,2,5
291,"Spencer, Tracie",Still In My Heart,251,Rock,95.0,88.0,98.0,,,,,,,,,,,,,,,,,,,,,,,,,,,,,,,,,,,,,,,,,,,,,,,,,,,,,,,,,,,,,,,3,4,3,11
292,Nu Flavor,3 Little Words,234,R & B,97.0,97.0,89.0,89.0,94.0,90.0,99.0,97.0,98.0,,,,,,,,,,,,,,,,,,,,,,,,,,,,,,,,,,,,,,,,,,,,,,,,,,,,,,,,,6,3,6,17
293,Tamar,If You Don't Wanna Love Me,242,Rock,98.0,98.0,92.0,89.0,92.0,93.0,,,,,,,,,,,,,,,,,,,,,,,,,,,,,,,,,,,,,,,,,,,,,,,,,,,,,,,,,,,,3,25,4,15
294,"Levert, Gerald",Baby U Are,250,R & B,96.0,89.0,92.0,96.0,96.0,,,,,,,,,,,,,,,,,,,,,,,,,,,,,,,,,,,,,,,,,,,,,,,,,,,,,,,,,,,,,8,19,8,26
295,"Hart, Beth",L.A. Song,227,Country,99.0,100.0,98.0,99.0,99.0,99.0,98.0,90.0,99.0,97.0,91.0,97.0,,,,,,,,,,,,,,,,,,,,,,,,,,,,,,,,,,,,,,,,,,,,,,,,,,,,,,11,27,1,15
296,"Diffie, Joe",The Quittin' Kind,203,Country,98.0,100.0,100.0,90.0,93.0,94.0,,,,,,,,,,,,,,,,,,,,,,,,,,,,,,,,,,,,,,,,,,,,,,,,,,,,,,,,,,,,1,1,1,22
297,Funkmaster Flex,Do You,254,Rap,92.0,92.0,95.0,91.0,91.0,94.0,100.0,,,,,,,,,,,,,,,,,,,,,,,,,,,,,,,,,,,,,,,,,,,,,,,,,,,,,,,,,,,11,11,12,2
298,"Price, Kelly",Love Sets You Free,226,Rock,92.0,91.0,98.0,100.0,,,,,,,,,,,,,,,,,,,,,,,,,,,,,,,,,,,,,,,,,,,,,,,,,,,,,,,,,,,,,,5,13,5,20
299,En Vogue,Riddle,310,Rock,92.0,92.0,97.0,100.0,,,,,,,,,,,,,,,,,,,,,,,,,,,,,,,,,,,,,,,,,,,,,,,,,,,,,,,,,,,,,,6,17,6,17
300,"Herndon, Ty",No Mercy,283,Country,100.0,99.0,99.0,,,98.0,94.0,92.0,95.0,96.0,,,,,,,,,,,,,,,,,,,,,,,,,,,,,,,,,,,,,,,,,,,,,,,,,,,,,,,,3,18,5,6
301,Anastacia,I'm Outta Love,241,Pop,92.0,,,95.0,,,,,,,,97.0,,,,,,,,,,,,,,,,,,,,,,,,,,,,,,,,,,,,,,,,,,,,,,,,,,,,,,4,1,4,1
302,Trina,Pull Over,178,Rap,97.0,93.0,96.0,100.0,,,,,,,,,,,,,,,,,,,,,,,,,,,,,,,,,,,,,,,,,,,,,,,,,,,,,,,,,,,,,,9,9,9,16
303,Lil' Mo,Ta Da,257,Rap,100.0,99.0,97.0,97.0,100.0,95.0,99.0,,,,,,,,,,,,,,,,,,,,,,,,,,,,,,,,,,,,,,,,,,,,,,,,,,,,,,,,,,,8,12,9,16
304,A*Teens,Dancing Queen,224,Pop,97.0,97.0,96.0,95.0,100.0,,,,,,,,,,,,,,,,,,,,,,,,,,,,,,,,,,,,,,,,,,,,,,,,,,,,,,,,,,,,,7,8,7,29
305,"Sheist, Shade",Where I Wanna Be,256,Rap,96.0,95.0,99.0,99.0,100.0,,,,,,,,,,,,,,,,,,,,,,,,,,,,,,,,,,,,,,,,,,,,,,,,,,,,,,,,,,,,,11,11,11,18
306,De La Soul,All Good?,302,Rap,96.0,96.0,100.0,,,,,,,,,,,,,,,,,,,,,,,,,,,,,,,,,,,,,,,,,,,,,,,,,,,,,,,,,,,,,,,12,23,12,23
307,"Larrieux, Amel",Get Up,242,R & B,100.0,97.0,97.0,,,,,,,,,,,,,,,,,,,,,,,,,,,,,,,,,,,,,,,,,,,,,,,,,,,,,,,,,,,,,,,3,4,3,11
308,"Braxton, Toni",Spanish Guitar,264,Rock,98.0,98.0,98.0,,,,,,,,,,,,,,,,,,,,,,,,,,,,,,,,,,,,,,,,,,,,,,,,,,,,,,,,,,,,,,,12,2,12,2
309,Tuesday,I Know,246,Rock,98.0,98.0,,,,,,,,,,,,,,,,,,,,,,,,,,,,,,,,,,,,,,,,,,,,,,,,,,,,,,,,,,,,,,,,12,30,12,30
310,LL Cool J,Imagine That,240,Rap,99.0,98.0,,,,,,,,,,,,,,,,,,,,,,,,,,,,,,,,,,,,,,,,,,,,,,,,,,,,,,,,,,,,,,,,8,12,8,19
311,Master P,Souljas,213,Rap,98.0,,,,,,,,,,,,,,,,,,,,,,,,,,,,,,,,,,,,,,,,,,,,,,,,,,,,,,,,,,,,,,,,,11,18,11,18
312,Ghostface Killah,Cherchez LaGhost,184,R & B,98.0,,,,,,,,,,,,,,,,,,,,,,,,,,,,,,,,,,,,,,,,,,,,,,,,,,,,,,,,,,,,,,,,,8,5,8,5
313,"Smith, Will",Freakin' It,238,Rap,99.0,99.0,99.0,99.0,,,,,,,,,,,,,,,,,,,,,,,,,,,,,,,,,,,,,,,,,,,,,,,,,,,,,,,,,,,,,,2,12,2,12
314,Zombie Nation,Kernkraft 400,210,Rock,99.0,99.0,,,,,,,,,,,,,,,,,,,,,,,,,,,,,,,,,,,,,,,,,,,,,,,,,,,,,,,,,,,,,,,,9,2,9,2
315,"Eastsidaz, The",Got Beef,238,Rap,99.0,99.0,,,,,,,,,,,,,,,,,,,,,,,,,,,,,,,,,,,,,,,,,,,,,,,,,,,,,,,,,,,,,,,,7,1,7,1
316,Fragma,Toca's Miracle,202,R & B,99.0,,,,,,,,,,,,,,,,,,,,,,,,,,,,,,,,,,,,,,,,,,,,,,,,,,,,,,,,,,,,,,,,,10,28,10,28
