,critics,date,rating,rating1,rating_count,subtext,tconst,time,title,user
0,198 critic,"14 October 1994 (USA)

","[<meta content=""R"" itemprop=""contentRating""/>]","
9.3/10 ","1,682,264","
R
| 
                        2h 22min
                    
|
Crime, 
Drama
|
14 October 1994 (USA)

 ",tt0111161,"
                        2h 22min
                    ",The Shawshank Redemption (1994) ,"4,125 user"
1,207 critic,"24 March 1972 (USA)

","[<meta content=""R"" itemprop=""contentRating""/>]","
9.2/10 ","1,150,876","
R
| 
                        2h 55min
                    
|
Crime, 
Drama
|
24 March 1972 (USA)

 ",tt0068646,"
                        2h 55min
                    ",The Godfather (1972) ,"2,229 user"
2,149 critic,"20 December 1974 (USA)

","[<meta content=""R"" itemprop=""contentRating""/>]","
9.0/10 ","787,200","
R
| 
                        3h 22min
                    
|
Crime, 
Drama
|
20 December 1974 (USA)

 ",tt0071562,"
                        3h 22min
                    ",The Godfather: Part II (1974) ,652 user
3,644 critic,"18 July 2008 (USA)

","[<meta content=""PG-13"" itemprop=""contentRating""/>]","
9.0/10 ","1,667,147","
PG-13
| 
                        2h 32min
                    
|
Action, 
Crime, 
Drama
|
18 July 2008 (USA)

 ",tt0468569,"
                        2h 32min
                    ",The Dark Knight (2008) ,"4,653 user"
4,174 critic,"4 February 1994 (USA)

","[<meta content=""R"" itemprop=""contentRating""/>]","
8.9/10 ","860,977","
R
| 
                        3h 15min
                    
|
Biography, 
Drama, 
History
|
4 February 1994 (USA)

 ",tt0108052,"
                        3h 15min
                    ",Schindler's List (1993) ,"1,269 user"
5,177 critic,"April 1957 (USA)

","[<meta content=""NOT RATED"" itemprop=""contentRating""/>]","
8.9/10 ","445,230","
Not Rated
| 
                        1h 36min
                    
|
Crime, 
Drama
|
April 1957 (USA)

 ",tt0050083,"
                        1h 36min
                    ",12 Angry Men (1957) ,883 user
6,220 critic,"14 October 1994 (USA)

","[<meta content=""R"" itemprop=""contentRating""/>]","
8.9/10 ","1,318,494","
R
| 
                        2h 34min
                    
|
Crime, 
Drama
|
14 October 1994 (USA)

 ",tt0110912,"
                        2h 34min
                    ",Pulp Fiction (1994) ,"2,190 user"
7,328 critic,"17 December 2003 (USA)

","[<meta content=""PG-13"" itemprop=""contentRating""/>]","
8.9/10 ","1,210,382","
PG-13
| 
                        3h 21min
                    
|
Action, 
Adventure, 
Drama
|
17 December 2003 (USA)

 ",tt0167260,"
                        3h 21min
                    ",The Lord of the Rings: The Return of the King (2003) ,"3,186 user"
8,180 critic,"29 December 1967 (USA)

","[<meta content=""NOT RATED"" itemprop=""contentRating""/>]","
8.9/10 ","501,278","
Not Rated
| 
                        2h 41min
                    
|
Western
|
29 December 1967 (USA)

 ",tt0060196,"
                        2h 41min
                    ","The Good, the Bad and the Ugly (1966) ",777 user
9,315 critic,"15 October 1999 (USA)

","[<meta content=""R"" itemprop=""contentRating""/>]","
8.8/10 ","1,340,870","
R
| 
                        2h 19min
                    
|
Drama
|
15 October 1999 (USA)

 ",tt0137523,"
                        2h 19min
                    ",Fight Club (1999) ,"2,964 user"
10,297 critic,"19 December 2001 (USA)

","[<meta content=""PG-13"" itemprop=""contentRating""/>]","
8.8/10 ","1,233,511","
PG-13
| 
                        2h 58min
                    
|
Action, 
Adventure, 
Drama
|
19 December 2001 (USA)

 ",tt0120737,"
                        2h 58min
                    ",The Lord of the Rings: The Fellowship of the Ring (2001) ,"5,060 user"
11,223 critic,"20 June 1980 (USA)

","[<meta content=""PG"" itemprop=""contentRating""/>]","
8.8/10 ","833,587","
PG
| 
                        2h 4min
                    
|
Action, 
Adventure, 
Fantasy
|
20 June 1980 (USA)

 ",tt0080684,"
                        2h 4min
                    ",Star Wars: Episode V - The Empire Strikes Back (1980) ,897 user
12,147 critic,"6 July 1994 (USA)

","[<meta content=""PG-13"" itemprop=""contentRating""/>]","
8.8/10 ","1,244,490","
PG-13
| 
                        2h 22min
                    
|
Drama, 
Romance
|
6 July 1994 (USA)

 ",tt0109830,"
                        2h 22min
                    ",Forrest Gump (1994) ,"1,389 user"
13,636 critic,"16 July 2010 (USA)

","[<meta content=""PG-13"" itemprop=""contentRating""/>]","
8.8/10 ","1,460,705","
PG-13
| 
                        2h 28min
                    
|
Action, 
Adventure, 
Sci-Fi
|
16 July 2010 (USA)

 ",tt1375666,"
                        2h 28min
                    ",Inception (2010) ,"2,799 user"
14,294 critic,"18 December 2002 (USA)

","[<meta content=""PG-13"" itemprop=""contentRating""/>]","
8.7/10 ","1,095,512","
PG-13
| 
                        2h 59min
                    
|
Action, 
Adventure, 
Drama
|
18 December 2002 (USA)

 ",tt0167261,"
                        2h 59min
                    ",The Lord of the Rings: The Two Towers (2002) ,"2,417 user"
15,149 critic,"21 November 1975 (USA)

","[<meta content=""R"" itemprop=""contentRating""/>]","
8.7/10 ","677,149","
R
| 
                        2h 13min
                    
|
Drama
|
21 November 1975 (USA)

 ",tt0073486,"
                        2h 13min
                    ",One Flew Over the Cuckoo's Nest (1975) ,759 user
16,192 critic,"21 September 1990 (USA)

","[<meta content=""R"" itemprop=""contentRating""/>]","
8.7/10 ","725,295","
R
| 
                        2h 26min
                    
|
Biography, 
Crime, 
Drama
|
21 September 1990 (USA)

 ",tt0099685,"
                        2h 26min
                    ",Goodfellas (1990) ,987 user
17,310 critic,"31 March 1999 (USA)

","[<meta content=""R"" itemprop=""contentRating""/>]","
8.7/10 ","1,212,274","
R
| 
                        2h 16min
                    
|
Action, 
Sci-Fi
|
31 March 1999 (USA)

 ",tt0133093,"
                        2h 16min
                    ",The Matrix (1999) ,"3,643 user"
18,153 critic,"19 November 1956 (USA)

","[<meta content=""UNRATED"" itemprop=""contentRating""/>]","
8.7/10 ","228,125","
Unrated
| 
                        3h 27min
                    
|
Action, 
Adventure, 
Drama
|
19 November 1956 (USA)

 ",tt0047478,"
                        3h 27min
                    ",Seven Samurai (1954) ,596 user
19,282 critic,"25 May 1977 (USA)

","[<meta content=""PG"" itemprop=""contentRating""/>]","
8.7/10 ","906,873","
PG
| 
                        2h 1min
                    
|
Action, 
Adventure, 
Fantasy
|
25 May 1977 (USA)

 ",tt0076759,"
                        2h 1min
                    ",Star Wars: Episode IV - A New Hope (1977) ,"1,468 user"
20,214 critic,"13 February 2004 (USA)

","[<meta content=""R"" itemprop=""contentRating""/>]","
8.7/10 ","531,020","
R
| 
                        2h 10min
                    
|
Crime, 
Drama
|
13 February 2004 (USA)

 ",tt0317248,"
                        2h 10min
                    ",City of God (2002) ,746 user
21,215 critic,"22 September 1995 (USA)

","[<meta content=""R"" itemprop=""contentRating""/>]","
8.6/10 ","1,018,541","
R
| 
                        2h 7min
                    
|
Crime, 
Drama, 
Mystery
|
22 September 1995 (USA)

 ",tt0114369,"
                        2h 7min
                    ",Se7en (1995) ,"1,083 user"
22,185 critic,"14 February 1991 (USA)

","[<meta content=""R"" itemprop=""contentRating""/>]","
8.6/10 ","883,058","
R
| 
                        1h 58min
                    
|
Crime, 
Drama, 
Horror
|
14 February 1991 (USA)

 ",tt0102926,"
                        1h 58min
                    ",The Silence of the Lambs (1991) ,915 user
23,206 critic,"7 January 1947 (USA)

","[<meta content=""PG"" itemprop=""contentRating""/>]","
8.6/10 ","274,526","
PG
| 
                        2h 10min
                    
|
Drama, 
Family, 
Fantasy
|
7 January 1947 (USA)

 ",tt0038650,"
                        2h 10min
                    ",It's a Wonderful Life (1946) ,706 user
24,162 critic,"15 September 1995 (USA)

","[<meta content=""R"" itemprop=""contentRating""/>]","
8.6/10 ","737,582","
R
| 
                        1h 46min
                    
|
Crime, 
Drama, 
Mystery
|
15 September 1995 (USA)

 ",tt0114814,"
                        1h 46min
                    ",The Usual Suspects (1995) ,"1,180 user"
25,154 critic,"12 February 1999 (USA)

","[<meta content=""PG-13"" itemprop=""contentRating""/>]","
8.6/10 ","417,807","
PG-13
| 
                        1h 56min
                    
|
Comedy, 
Drama, 
Romance
|
12 February 1999 (USA)

 ",tt0118799,"
                        1h 56min
                    ",Life Is Beautiful (1997) ,"1,050 user"
26,155 critic,"18 November 1994 (USA)

","[<meta content=""R"" itemprop=""contentRating""/>]","
8.6/10 ","722,171","
R
| 
                        1h 50min
                    
|
Crime, 
Drama, 
Thriller
|
18 November 1994 (USA)

 ",tt0110413,"
                        1h 50min
                    ",Léon: The Professional (1994) ,839 user
27,164 critic,"4 July 1969 (USA)

","[<meta content=""PG-13"" itemprop=""contentRating""/>]","
8.6/10 ","215,053","
PG-13
| 
                        2h 55min
                    
|
Western
|
4 July 1969 (USA)

 ",tt0064116,"
                        2h 55min
                    ",Once Upon a Time in the West (1968) ,564 user
28,245 critic,"28 March 2003 (USA)

","[<meta content=""PG"" itemprop=""contentRating""/>]","
8.6/10 ","415,552","
PG
| 
                        2h 5min
                    
|
Animation, 
Adventure, 
Family
|
28 March 2003 (USA)

 ",tt0245429,"
                        2h 5min
                    ",Spirited Away (2001) ,901 user
29,219 critic,"24 July 1998 (USA)

","[<meta content=""R"" itemprop=""contentRating""/>]","
8.6/10 ","876,851","
R
| 
                        2h 49min
                    
|
Action, 
Drama, 
War
|
24 July 1998 (USA)

 ",tt0120815,"
                        2h 49min
                    ",Saving Private Ryan (1998) ,"2,276 user"
30,162 critic,"20 November 1998 (USA)

","[<meta content=""R"" itemprop=""contentRating""/>]","
8.6/10 ","779,240","
R
| 
                        1h 59min
                    
|
Crime, 
Drama
|
20 November 1998 (USA)

 ",tt0120586,"
                        1h 59min
                    ",American History X (1998) ,"1,418 user"
31,711 critic,"7 November 2014 (USA)

","[<meta content=""PG-13"" itemprop=""contentRating""/>]","
8.6/10 ","920,711","
PG-13
| 
                        2h 49min
                    
|
Adventure, 
Drama, 
Sci-Fi
|
7 November 2014 (USA)

 ",tt0816692,"
                        2h 49min
                    ",Interstellar (2014) ,"2,720 user"
32,242 critic,"23 January 1943 (USA)

","[<meta content=""PG"" itemprop=""contentRating""/>]","
8.6/10 ","386,066","
PG
| 
                        1h 42min
                    
|
Drama, 
Romance, 
War
|
23 January 1943 (USA)

 ",tt0034583,"
                        1h 42min
                    ",Casablanca (1942) ,"1,121 user"
33,290 critic,"8 September 1960 (USA)

","[<meta content=""R"" itemprop=""contentRating""/>]","
8.5/10 ","420,387","
R
| 
                        1h 49min
                    
|
Horror, 
Mystery, 
Thriller
|
8 September 1960 (USA)

 ",tt0054215,"
                        1h 49min
                    ",Psycho (1960) ,"1,038 user"
34,138 critic,"7 March 1931 (USA)

","[<meta content=""PASSED"" itemprop=""contentRating""/>]","
8.6/10 ","107,644","
Passed
| 
                        1h 27min
                    
|
Comedy, 
Drama, 
Romance
|
7 March 1931 (USA)

 ",tt0021749,"
                        1h 27min
                    ",City Lights (1931) ,218 user
35,234 critic,"12 June 1981 (USA)

","[<meta content=""PG"" itemprop=""contentRating""/>]","
8.5/10 ","658,317","
PG
| 
                        1h 55min
                    
|
Action, 
Adventure
|
12 June 1981 (USA)

 ",tt0082971,"
                        1h 55min
                    ",Raiders of the Lost Ark (1981) ,769 user
36,309 critic,"2 November 2011 (France)

","[<meta content=""R"" itemprop=""contentRating""/>]","
8.6/10 ","500,129","
R
| 
                        1h 52min
                    
|
Biography, 
Comedy, 
Drama
|
2 November 2011 (France)

 ",tt1675434,"
                        1h 52min
                    ",The Intouchables (2011) ,367 user
37,120 critic,"25 February 1936 (USA)

","[<meta content=""G"" itemprop=""contentRating""/>]","
8.6/10 ","142,277","
G
| 
                        1h 27min
                    
|
Comedy, 
Drama
|
25 February 1936 (USA)

 ",tt0027977,"
                        1h 27min
                    ",Modern Times (1936) ,212 user
38,185 critic,"10 December 1999 (USA)

","[<meta content=""R"" itemprop=""contentRating""/>]","
8.5/10 ","778,432","
R
| 
                        3h 9min
                    
|
Crime, 
Drama, 
Fantasy
|
10 December 1999 (USA)

 ",tt0120689,"
                        3h 9min
                    ",The Green Mile (1999) ,"1,377 user"
39,179 critic,"1 August 1954 (UK)

","[<meta content=""APPROVED"" itemprop=""contentRating""/>]","
8.5/10 ","314,643","
Approved
| 
                        1h 52min
                    
|
Mystery, 
Thriller
|
1 August 1954 (UK)

 ",tt0047396,"
                        1h 52min
                    ",Rear Window (1954) ,633 user
40,209 critic,"3 July 1991 (USA)

","[<meta content=""R"" itemprop=""contentRating""/>]","
8.5/10 ","741,791","
R
| 
                        2h 17min
                    
|
Action, 
Adventure, 
Sci-Fi
|
3 July 1991 (USA)

 ",tt0103064,"
                        2h 17min
                    ",Terminator 2: Judgment Day (1991) ,981 user
41,352 critic,"6 October 2006 (USA)

","[<meta content=""R"" itemprop=""contentRating""/>]","
8.5/10 ","869,494","
R
| 
                        2h 31min
                    
|
Crime, 
Drama, 
Thriller
|
6 October 2006 (USA)

 ",tt0407887,"
                        2h 31min
                    ",The Departed (2006) ,"2,057 user"
42,193 critic,"28 March 2003 (USA)

","[<meta content=""R"" itemprop=""contentRating""/>]","
8.5/10 ","495,434","
R
| 
                        2h 30min
                    
|
Biography, 
Drama, 
War
|
28 March 2003 (USA)

 ",tt0253474,"
                        2h 30min
                    ",The Pianist (2002) ,761 user
43,197 critic,"3 July 1985 (USA)

","[<meta content=""PG"" itemprop=""contentRating""/>]","
8.5/10 ","728,444","
PG
| 
                        1h 56min
                    
|
Adventure, 
Comedy, 
Sci-Fi
|
3 July 1985 (USA)

 ",tt0088763,"
                        1h 56min
                    ",Back to the Future (1985) ,803 user
44,535 critic,"15 October 2014 (Philippines)

","[<meta content=""R"" itemprop=""contentRating""/>]","
8.5/10 ","394,673","
R
| 
                        1h 47min
                    
|
Drama, 
Music
|
15 October 2014 (Philippines)

 ",tt2582802,"
                        1h 47min
                    ",Whiplash (2014) ,727 user
45,265 critic,"5 May 2000 (USA)

","[<meta content=""R"" itemprop=""contentRating""/>]","
8.5/10 ","978,283","
R
| 
                        2h 35min
                    
|
Action, 
Drama, 
Romance
|
5 May 2000 (USA)

 ",tt0172495,"
                        2h 35min
                    ",Gladiator (2000) ,"2,368 user"
46,274 critic,"25 May 2001 (USA)

","[<meta content=""R"" itemprop=""contentRating""/>]","
8.5/10 ","841,952","
R
| 
                        1h 53min
                    
|
Mystery, 
Thriller
|
25 May 2001 (USA)

 ",tt0209144,"
                        1h 53min
                    ",Memento (2000) ,"2,065 user"
47,261 critic,"15 August 1979 (USA)

","[<meta content=""R"" itemprop=""contentRating""/>]","
8.5/10 ","449,002","
R
| 
                        2h 33min
                    
|
Drama, 
War
|
15 August 1979 (USA)

 ",tt0078788,"
                        2h 33min
                    ",Apocalypse Now (1979) ,982 user
48,340 critic,"20 October 2006 (USA)

","[<meta content=""PG-13"" itemprop=""contentRating""/>]","
8.5/10 ","839,664","
PG-13
| 
                        2h 10min
                    
|
Drama, 
Mystery, 
Sci-Fi
|
20 October 2006 (USA)

 ",tt0482571,"
                        2h 10min
                    ",The Prestige (2006) ,"1,099 user"
49,185 critic,"24 June 1994 (USA)

","[<meta content=""G"" itemprop=""contentRating""/>]","
8.5/10 ","640,769","
G
| 
                        1h 29min
                    
|
Animation, 
Adventure, 
Drama
|
24 June 1994 (USA)

 ",tt0110357,"
                        1h 29min
                    ",The Lion King (1994) ,652 user
50,192 critic,"29 January 1964 (USA)

","[<meta content=""PG"" itemprop=""contentRating""/>]","
8.5/10 ","341,152","
PG
| 
                        1h 35min
                    
|
Comedy
|
29 January 1964 (USA)

 ",tt0057012,"
                        1h 35min
                    ",Dr. Strangelove or: How I Learned to Stop Worrying and Love the Bomb (1964) ,838 user
51,189 critic,"29 September 1950 (Australia)

","[<meta content=""NOT RATED"" itemprop=""contentRating""/>]","
8.5/10 ","138,999","
Not Rated
| 
                        1h 50min
                    
|
Drama, 
Film-Noir, 
Romance
|
29 September 1950 (Australia)

 ",tt0043014,"
                        1h 50min
                    ",Sunset Blvd. (1950) ,453 user
52,390 critic,"22 June 1979 (USA)

","[<meta content=""R"" itemprop=""contentRating""/>]","
8.5/10 ","561,148","
R
| 
                        1h 57min
                    
|
Horror, 
Sci-Fi
|
22 June 1979 (USA)

 ",tt0078748,"
                        1h 57min
                    ",Alien (1979) ,"1,107 user"
53,116 critic,"7 March 1941 (USA)

","[<meta content=""APPROVED"" itemprop=""contentRating""/>]","
8.5/10 ","136,859","
Approved
| 
                        2h 5min
                    
|
Comedy, 
Drama, 
War
|
7 March 1941 (USA)

 ",tt0032553,"
                        2h 5min
                    ",The Great Dictator (1940) ,198 user
54,215 critic,"30 March 2007 (USA)

","[<meta content=""R"" itemprop=""contentRating""/>]","
8.5/10 ","258,236","
R
| 
                        2h 17min
                    
|
Drama, 
Thriller
|
30 March 2007 (USA)

 ",tt0405094,"
                        2h 17min
                    ",The Lives of Others (2006) ,407 user
55,122 critic,"23 February 1990 (USA)

","[<meta content=""R"" itemprop=""contentRating""/>]","
8.5/10 ","151,612","
R
| 
                        2h 35min
                    
|
Drama
|
23 February 1990 (USA)

 ",tt0095765,"
                        2h 35min
                    ",Cinema Paradiso (1988) ,393 user
56,765 critic,"25 December 2012 (USA)

","[<meta content=""R"" itemprop=""contentRating""/>]","
8.5/10 ","949,589","
R
| 
                        2h 45min
                    
|
Drama, 
Western
|
25 December 2012 (USA)

 ",tt1853728,"
                        2h 45min
                    ",Django Unchained (2012) ,"1,194 user"
57,144 critic,"25 October 1957 (West Germany)

","[<meta content=""APPROVED"" itemprop=""contentRating""/>]","
8.5/10 ","120,450","
Approved
| 
                        1h 28min
                    
|
Drama, 
War
|
25 October 1957 (West Germany)

 ",tt0050825,"
                        1h 28min
                    ",Paths of Glory (1957) ,348 user
58,253 critic,"23 May 1980 (USA)

","[<meta content=""R"" itemprop=""contentRating""/>]","
8.4/10 ","607,188","
R
| 
                        2h 26min
                    
|
Drama, 
Horror
|
23 May 1980 (USA)

 ",tt0081505,"
                        2h 26min
                    ",The Shining (1980) ,"1,319 user"
59,159 critic,"16 April 1988 (Japan)

","[<meta content=""UNRATED"" itemprop=""contentRating""/>]","
8.5/10 ","137,448","
Unrated
| 
                        1h 29min
                    
|
Animation, 
Drama, 
War
|
16 April 1988 (Japan)

 ",tt0095327,"
                        1h 29min
                    ",Grave of the Fireflies (1988) ,503 user
60,421 critic,"27 June 2008 (USA)

","[<meta content=""G"" itemprop=""contentRating""/>]","
8.4/10 ","715,085","
G
| 
                        1h 38min
                    
|
Animation, 
Adventure, 
Family
|
27 June 2008 (USA)

 ",tt0910970,"
                        1h 38min
                    ",WALL·E (2008) ,"1,043 user"
61,812 critic,"20 July 2012 (USA)

","[<meta content=""PG-13"" itemprop=""contentRating""/>]","
8.5/10 ","1,138,292","
PG-13
| 
                        2h 44min
                    
|
Action, 
Thriller
|
20 July 2012 (USA)

 ",tt1345836,"
                        2h 44min
                    ",The Dark Knight Rises (2012) ,"2,698 user"
62,176 critic,"1 October 1999 (USA)

","[<meta content=""R"" itemprop=""contentRating""/>]","
8.4/10 ","819,078","
R
| 
                        2h 2min
                    
|
Drama
|
1 October 1999 (USA)

 ",tt0169547,"
                        2h 2min
                    ",American Beauty (1999) ,"2,711 user"
63,249 critic,"18 July 1986 (USA)

","[<meta content=""R"" itemprop=""contentRating""/>]","
8.4/10 ","486,466","
R
| 
                        2h 17min
                    
|
Action, 
Adventure, 
Sci-Fi
|
18 July 1986 (USA)

 ",tt0090605,"
                        2h 17min
                    ",Aliens (1986) ,"1,077 user"
64,173 critic,"12 July 1997 (Japan)

","[<meta content=""PG-13"" itemprop=""contentRating""/>]","
8.4/10 ","220,363","
PG-13
| 
                        2h 14min
                    
|
Animation, 
Adventure, 
Fantasy
|
12 July 1997 (Japan)

 ",tt0119698,"
                        2h 14min
                    ",Princess Mononoke (1997) ,568 user
65,305 critic,"21 November 2003 (South Korea)

","[<meta content=""R"" itemprop=""contentRating""/>]","
8.4/10 ","354,277","
R
| 
                        2h
                    
|
Drama, 
Mystery, 
Thriller
|
21 November 2003 (South Korea)

 ",tt0364569,"
                        2h
                    ",Oldeuboi (2003) ,808 user
66,234 critic,"5 September 1941 (USA)

","[<meta content=""APPROVED"" itemprop=""contentRating""/>]","
8.4/10 ","296,818","
Approved
| 
                        1h 59min
                    
|
Drama, 
Mystery
|
5 September 1941 (USA)

 ",tt0033467,"
                        1h 59min
                    ",Citizen Kane (1941) ,"1,224 user"
67,111 critic,"1 June 1984 (USA)

","[<meta content=""R"" itemprop=""contentRating""/>]","
8.4/10 ","219,992","
R
| 
                        3h 49min
                    
|
Crime, 
Drama
|
1 June 1984 (USA)

 ",tt0087843,"
                        3h 49min
                    ",Once Upon a Time in America (1984) ,495 user
68,202 critic,"26 September 1959 (Japan)

","[<meta content=""APPROVED"" itemprop=""contentRating""/>]","
8.4/10 ","219,488","
Approved
| 
                        2h 16min
                    
|
Action, 
Adventure, 
Crime
|
26 September 1959 (Japan)

 ",tt0053125,"
                        2h 16min
                    ",North by Northwest (1959) ,511 user
69,96 critic,"10 February 1982 (USA)

","[<meta content=""R"" itemprop=""contentRating""/>]","
8.4/10 ","167,547","
R
| 
                        2h 29min
                    
|
Adventure, 
Drama, 
Thriller
|
10 February 1982 (USA)

 ",tt0082096,"
                        2h 29min
                    ",Das Boot (1981) ,426 user
70,194 critic,"21 July 1958 (Brazil)

","[<meta content=""PG"" itemprop=""contentRating""/>]","
8.4/10 ","247,647","
PG
| 
                        2h 8min
                    
|
Mystery, 
Romance, 
Thriller
|
21 July 1958 (Brazil)

 ",tt0052357,"
                        2h 8min
                    ",Vertigo (1958) ,688 user
71,75 critic,"6 February 1958 (USA)

","[<meta content=""APPROVED"" itemprop=""contentRating""/>]","
8.4/10 ","62,760","
Approved
| 
                        1h 56min
                    
|
Crime, 
Drama, 
Mystery
|
6 February 1958 (USA)

 ",tt0051201,"
                        1h 56min
                    ",Witness for the Prosecution (1957) ,202 user
72,197 critic,"25 May 1983 (USA)

","[<meta content=""PG"" itemprop=""contentRating""/>]","
8.4/10 ","678,212","
PG
| 
                        2h 11min
                    
|
Action, 
Adventure, 
Fantasy
|
25 May 1983 (USA)

 ",tt0086190,"
                        2h 11min
                    ",Star Wars: Episode VI - Return of the Jedi (1983) ,647 user
73,193 critic,"31 August 1931 (Sweden)

","[<meta content=""NOT RATED"" itemprop=""contentRating""/>]","
8.4/10 ","98,630","
Not Rated
| 
                        1h 39min
                    
|
Crime, 
Drama, 
Mystery
|
31 August 1931 (Sweden)

 ",tt0022100,"
                        1h 39min
                    ",M (1931) ,287 user
74,173 critic,"2 September 1992 (France)

","[<meta content=""R"" itemprop=""contentRating""/>]","
8.4/10 ","661,430","
R
| 
                        1h 39min
                    
|
Crime, 
Drama, 
Thriller
|
2 September 1992 (France)

 ",tt0105236,"
                        1h 39min
                    ",Reservoir Dogs (1992) ,929 user
75,132 critic,"24 May 1995 (USA)

","[<meta content=""R"" itemprop=""contentRating""/>]","
8.4/10 ","733,626","
R
| 
                        2h 58min
                    
|
Biography, 
Drama, 
History
|
24 May 1995 (USA)

 ",tt0112573,"
                        2h 58min
                    ",Braveheart (1995) ,"1,062 user"
76,242 critic,"8 February 2002 (USA)

","[<meta content=""R"" itemprop=""contentRating""/>]","
8.4/10 ","531,918","
R
| 
                        2h 2min
                    
|
Comedy, 
Romance
|
8 February 2002 (USA)

 ",tt0211915,"
                        2h 2min
                    ",Amélie (2001) ,"1,314 user"
77,233 critic,"15 December 2000 (USA)

","[<meta content=""R"" itemprop=""contentRating""/>]","
8.4/10 ","570,961","
R
| 
                        1h 42min
                    
|
Drama
|
15 December 2000 (USA)

 ",tt0180093,"
                        1h 42min
                    ",Requiem for a Dream (2000) ,"1,913 user"
78,218 critic,"2 February 1972 (USA)

","[<meta content=""X"" itemprop=""contentRating""/>]","
8.4/10 ","555,585","
X
| 
                        2h 16min
                    
|
Crime, 
Drama, 
Sci-Fi
|
2 February 1972 (USA)

 ",tt0066921,"
                        2h 16min
                    ",A Clockwork Orange (1971) ,"1,343 user"
79,208 critic,"8 February 1976 (USA)

","[<meta content=""R"" itemprop=""contentRating""/>]","
8.3/10 ","504,581","
R
| 
                        1h 53min
                    
|
Crime, 
Drama
|
8 February 1976 (USA)

 ",tt0075314,"
                        1h 53min
                    ",Taxi Driver (1976) ,882 user
80,176 critic,"24 April 1944 (USA)

","[<meta content=""PASSED"" itemprop=""contentRating""/>]","
8.4/10 ","97,345","
Passed
| 
                        1h 47min
                    
|
Crime, 
Drama, 
Film-Noir
|
24 April 1944 (USA)

 ",tt0036775,"
                        1h 47min
                    ",Double Indemnity (1944) ,322 user
81,451 critic,"18 June 2010 (USA)

","[<meta content=""G"" itemprop=""contentRating""/>]","
8.3/10 ","541,958","
G
| 
                        1h 43min
                    
|
Animation, 
Adventure, 
Comedy
|
18 June 2010 (USA)

 ",tt0435761,"
                        1h 43min
                    ",Toy Story 3 (2010) ,731 user
82,181 critic,"11 December 1962 (UK)

","[<meta content=""PG"" itemprop=""contentRating""/>]","
8.4/10 ","191,938","
PG
| 
                        3h 36min
                    
|
Adventure, 
Biography, 
Drama
|
11 December 1962 (UK)

 ",tt0056172,"
                        3h 36min
                    ",Lawrence of Arabia (1962) ,558 user
83,127 critic,"16 March 1963 (USA)

","[<meta content=""NOT RATED"" itemprop=""contentRating""/>]","
8.4/10 ","213,982","
Not Rated
| 
                        2h 9min
                    
|
Crime, 
Drama
|
16 March 1963 (USA)

 ",tt0056592,"
                        2h 9min
                    ",To Kill a Mockingbird (1962) ,468 user
84,273 critic,"19 March 2004 (USA)

","[<meta content=""R"" itemprop=""contentRating""/>]","
8.3/10 ","663,915","
R
| 
                        1h 48min
                    
|
Drama, 
Romance, 
Sci-Fi
|
19 March 2004 (USA)

 ",tt0338013,"
                        1h 48min
                    ",Eternal Sunshine of the Spotless Mind (2004) ,"1,512 user"
85,134 critic,"5 April 1985 (USA)

","[<meta content=""R"" itemprop=""contentRating""/>]","
8.3/10 ","269,602","
R
| 
                        2h 40min
                    
|
Biography, 
Drama, 
History
|
5 April 1985 (USA)

 ",tt0086879,"
                        2h 40min
                    ",Amadeus (1984) ,549 user
86,127 critic,"10 July 1987 (USA)

","[<meta content=""R"" itemprop=""contentRating""/>]","
8.3/10 ","482,778","
R
| 
                        1h 56min
                    
|
Drama, 
War
|
10 July 1987 (USA)

 ",tt0093058,"
                        1h 56min
                    ",Full Metal Jacket (1987) ,694 user
87,119 critic,"26 December 1973 (UK)

","[<meta content=""PG"" itemprop=""contentRating""/>]","
8.3/10 ","174,796","
PG
| 
                        2h 9min
                    
|
Comedy, 
Crime, 
Drama
|
26 December 1973 (UK)

 ",tt0070735,"
                        2h 9min
                    ",The Sting (1973) ,251 user
88,284 critic,"15 May 1968 (UK)

","[<meta content=""G"" itemprop=""contentRating""/>]","
8.3/10 ","425,231","
G
| 
                        2h 29min
                    
|
Adventure, 
Mystery, 
Sci-Fi
|
15 May 1968 (UK)

 ",tt0062622,"
                        2h 29min
                    ",2001: A Space Odyssey (1968) ,"1,730 user"
89,143 critic,"13 December 1949 (USA)

","[<meta content=""NOT RATED"" itemprop=""contentRating""/>]","
8.3/10 ","94,016","
Not Rated
| 
                        1h 29min
                    
|
Drama
|
13 December 1949 (USA)

 ",tt0040522,"
                        1h 29min
                    ",Bicycle Thieves (1948) ,227 user
90,169 critic,"11 April 1952 (USA)

","[<meta content=""APPROVED"" itemprop=""contentRating""/>]","
8.3/10 ","149,370","
Approved
| 
                        1h 43min
                    
|
Comedy, 
Musical, 
Romance
|
11 April 1952 (USA)

 ",tt0045152,"
                        1h 43min
                    ",Singin' in the Rain (1952) ,567 user
91,166 critic,"22 November 1995 (USA)

","[<meta content=""G"" itemprop=""contentRating""/>]","
8.3/10 ","620,321","
G
| 
                        1h 21min
                    
|
Animation, 
Adventure, 
Comedy
|
22 November 1995 (USA)

 ",tt0114709,"
                        1h 21min
                    ",Toy Story (1995) ,387 user
92,151 critic,"19 January 2001 (USA)

","[<meta content=""R"" itemprop=""contentRating""/>]","
8.3/10 ","598,544","
R
| 
                        1h 42min
                    
|
Comedy, 
Crime
|
19 January 2001 (USA)

 ",tt0208092,"
                        1h 42min
                    ",Snatch (2000) ,725 user
93,486 critic,"21 August 2009 (USA)

","[<meta content=""R"" itemprop=""contentRating""/>]","
8.3/10 ","880,454","
R
| 
                        2h 33min
                    
|
Adventure, 
Drama, 
War
|
21 August 2009 (USA)

 ",tt0361748,"
                        2h 33min
                    ",Inglourious Basterds (2009) ,"1,526 user"
94,131 critic,"23 May 1975 (UK)

","[<meta content=""PG"" itemprop=""contentRating""/>]","
8.3/10 ","380,641","
PG
| 
                        1h 31min
                    
|
Adventure, 
Comedy, 
Fantasy
|
23 May 1975 (UK)

 ",tt0071853,"
                        1h 31min
                    ",Monty Python and the Holy Grail (1975) ,658 user
95,86 critic,"6 February 1921 (USA)

","[<meta content=""NOT RATED"" itemprop=""contentRating""/>]","
8.3/10 ","66,784","
Not Rated
| 
                        1h 8min
                    
|
Comedy, 
Drama, 
Family
|
6 February 1921 (USA)

 ",tt0012349,"
                        1h 8min
                    ",The Kid (1921) ,115 user
96,177 critic,"19 September 1997 (USA)

","[<meta content=""R"" itemprop=""contentRating""/>]","
8.3/10 ","412,702","
R
| 
                        2h 18min
                    
|
Crime, 
Drama, 
Mystery
|
19 September 1997 (USA)

 ",tt0119488,"
                        2h 18min
                    ",L.A. Confidential (1997) ,622 user
97,115 critic,"10 May 1967 (USA)

","[<meta content=""APPROVED"" itemprop=""contentRating""/>]","
8.3/10 ","156,461","
Approved
| 
                        2h 12min
                    
|
Western
|
10 May 1967 (USA)

 ",tt0059578,"
                        2h 12min
                    ",For a Few Dollars More (1965) ,219 user
98,151 critic,"26 December 1951 (USA)

","[<meta content=""UNRATED"" itemprop=""contentRating""/>]","
8.3/10 ","102,092","
Unrated
| 
                        1h 28min
                    
|
Crime, 
Drama
|
26 December 1951 (USA)

 ",tt0042876,"
                        1h 28min
                    ",Rashômon (1950) ,266 user
99,183 critic,"16 September 1960 (France)

","[<meta content=""APPROVED"" itemprop=""contentRating""/>]","
8.3/10 ","108,825","
Approved
| 
                        2h 5min
                    
|
Comedy, 
Drama, 
Romance
|
16 September 1960 (France)

 ",tt0053604,"
                        2h 5min
                    ",The Apartment (1960) ,239 user
100,146 critic,"9 December 1983 (USA)

","[<meta content=""R"" itemprop=""contentRating""/>]","
8.3/10 ","535,015","
R
| 
                        2h 50min
                    
|
Crime, 
Drama
|
9 December 1983 (USA)

 ",tt0086250,"
                        2h 50min
                    ",Scarface (1983) ,849 user
101,149 critic,"24 May 1989 (USA)

","[<meta content=""PG-13"" itemprop=""contentRating""/>]","
8.3/10 ","512,973","
PG-13
| 
                        2h 7min
                    
|
Action, 
Adventure, 
Fantasy
|
24 May 1989 (USA)

 ",tt0097576,"
                        2h 7min
                    ",Indiana Jones and the Last Crusade (1989) ,476 user
102,354 critic,"16 March 2011 (Iran)

","[<meta content=""PG-13"" itemprop=""contentRating""/>]","
8.4/10 ","151,096","
PG-13
| 
                        2h 3min
                    
|
Drama, 
Mystery
|
16 March 2011 (Iran)

 ",tt1832382,"
                        2h 3min
                    ",Jodaeiye Nader az Simin (2011) ,262 user
103,260 critic,"13 March 1927 (USA)

","[<meta content=""NOT RATED"" itemprop=""contentRating""/>]","
8.3/10 ","111,356","
Not Rated
| 
                        2h 33min
                    
|
Drama, 
Sci-Fi
|
13 March 1927 (USA)

 ",tt0017136,"
                        2h 33min
                    ",Metropolis (1927) ,412 user
104,50 critic,"25 December 2009 (India)

","[<meta content=""PG-13"" itemprop=""contentRating""/>]","
8.4/10 ","205,558","
PG-13
| 
                        2h 50min
                    
|
Comedy, 
Drama
|
25 December 2009 (India)

 ",tt1187043,"
                        2h 50min
                    ",3 Idiots (2009) ,336 user
105,118 critic,"15 January 1951 (Sweden)

","[<meta content=""APPROVED"" itemprop=""contentRating""/>]","
8.3/10 ","82,641","
Approved
| 
                        2h 18min
                    
|
Drama
|
15 January 1951 (Sweden)

 ",tt0042192,"
                        2h 18min
                    ",All About Eve (1950) ,312 user
106,141 critic,"13 September 1961 (USA)

","[<meta content=""UNRATED"" itemprop=""contentRating""/>]","
8.3/10 ","73,714","
Unrated
| 
                        1h 50min
                    
|
Comedy, 
Drama, 
Thriller
|
13 September 1961 (USA)

 ",tt0055630,"
                        1h 50min
                    ",Yojimbo (1961) ,157 user
107,349 critic,"10 January 2013 (Denmark)

","[<meta content=""R"" itemprop=""contentRating""/>]","
8.3/10 ","168,816","
R
| 
                        1h 55min
                    
|
Drama
|
10 January 2013 (Denmark)

 ",tt2106476,"
                        1h 55min
                    ",Jagten (2012) ,247 user
108,477 critic,"15 June 2005 (USA)

","[<meta content=""PG-13"" itemprop=""contentRating""/>]","
8.3/10 ","975,832","
PG-13
| 
                        2h 20min
                    
|
Action, 
Adventure
|
15 June 2005 (USA)

 ",tt0372784,"
                        2h 20min
                    ",Batman Begins (2005) ,"2,681 user"
109,107 critic,"24 January 1948 (USA)

","[<meta content=""NOT RATED"" itemprop=""contentRating""/>]","
8.3/10 ","78,895","
Not Rated
| 
                        2h 6min
                    
|
Adventure, 
Drama, 
Western
|
24 January 1948 (USA)

 ",tt0040897,"
                        2h 6min
                    ",The Treasure of the Sierra Madre (1948) ,211 user
110,160 critic,"9 January 1998 (USA)

","[<meta content=""R"" itemprop=""contentRating""/>]","
8.3/10 ","601,685","
R
| 
                        2h 6min
                    
|
Drama
|
9 January 1998 (USA)

 ",tt0119217,"
                        2h 6min
                    ",Good Will Hunting (1997) ,680 user
111,181 critic,"14 April 1959 (Japan)

","[<meta content=""NOT RATED"" itemprop=""contentRating""/>]","
8.3/10 ","174,464","
Not Rated
| 
                        2h
                    
|
Comedy, 
Crime, 
Music
|
14 April 1959 (Japan)

 ",tt0053291,"
                        2h
                    ",Some Like It Hot (1959) ,349 user
112,408 critic,"29 May 2009 (USA)

","[<meta content=""PG"" itemprop=""contentRating""/>]","
8.3/10 ","661,796","
PG
| 
                        1h 36min
                    
|
Animation, 
Adventure, 
Comedy
|
29 May 2009 (USA)

 ",tt1049413,"
                        1h 36min
                    ",Up (2009) ,698 user
113,131 critic,"7 August 1992 (USA)

","[<meta content=""R"" itemprop=""contentRating""/>]","
8.3/10 ","276,324","
R
| 
                        2h 11min
                    
|
Drama, 
Western
|
7 August 1992 (USA)

 ",tt0105695,"
                        2h 11min
                    ",Unforgiven (1992) ,492 user
114,216 critic,"31 August 1949 (UK)

","[<meta content=""NOT RATED"" itemprop=""contentRating""/>]","
8.3/10 ","113,250","
Not Rated
| 
                        1h 33min
                    
|
Film-Noir, 
Mystery, 
Thriller
|
31 August 1949 (UK)

 ",tt0041959,"
                        1h 33min
                    ",The Third Man (1949) ,407 user
115,46 critic,"22 January 1999 (USA)

","[<meta content=""PG"" itemprop=""contentRating""/>]","
8.5/10 ","27,379","
PG
| 
                        1h 29min
                    
|
Drama, 
Family
|
22 January 1999 (USA)

 ",tt0118849,"
                        1h 29min
                    ",Children of Heaven (1997) ,128 user
116,151 critic,"19 December 1980 (USA)

","[<meta content=""R"" itemprop=""contentRating""/>]","
8.3/10 ","234,228","
R
| 
                        2h 9min
                    
|
Biography, 
Drama, 
Sport
|
19 December 1980 (USA)

 ",tt0081398,"
                        2h 9min
                    ",Raging Bull (1980) ,490 user
117,192 critic,"8 April 2005 (USA)

","[<meta content=""R"" itemprop=""contentRating""/>]","
8.3/10 ","247,402","
R
| 
                        2h 36min
                    
|
Biography, 
Drama, 
History
|
8 April 2005 (USA)

 ",tt0363163,"
                        2h 36min
                    ",Downfall (2004) ,562 user
118,233 critic,"20 July 1988 (USA)

","[<meta content=""R"" itemprop=""contentRating""/>]","
8.2/10 ","590,121","
R
| 
                        2h 11min
                    
|
Action, 
Thriller
|
20 July 1988 (USA)

 ",tt0095016,"
                        2h 11min
                    ",Die Hard (1988) ,717 user
119,536 critic,"19 June 2015 (USA)

","[<meta content=""PG"" itemprop=""contentRating""/>]","
8.3/10 ","339,607","
PG
| 
                        1h 35min
                    
|
Animation, 
Adventure, 
Comedy
|
19 June 2015 (USA)

 ",tt2096673,"
                        1h 35min
                    ",Inside Out (2015) ,767 user
120,111 critic,"4 July 1963 (USA)

","[<meta content=""APPROVED"" itemprop=""contentRating""/>]","
8.3/10 ","164,935","
Approved
| 
                        2h 52min
                    
|
Adventure, 
Drama, 
History
|
4 July 1963 (USA)

 ",tt0057115,"
                        2h 52min
                    ",The Great Escape (1963) ,298 user
121,223 critic,"20 June 1974 (USA)

","[<meta content=""R"" itemprop=""contentRating""/>]","
8.2/10 ","215,351","
R
| 
                        2h 10min
                    
|
Drama, 
Mystery, 
Thriller
|
20 June 1974 (USA)

 ",tt0071315,"
                        2h 10min
                    ",Chinatown (1974) ,460 user
122,165 critic,"15 December 1995 (USA)

","[<meta content=""R"" itemprop=""contentRating""/>]","
8.2/10 ","429,652","
R
| 
                        2h 50min
                    
|
Action, 
Crime, 
Drama
|
15 December 1995 (USA)

 ",tt0113277,"
                        2h 50min
                    ",Heat (1995) ,882 user
123,415 critic,"22 January 2016 (USA)

","[<meta content=""R"" itemprop=""contentRating""/>]","
8.3/10 ","155,908","
R
| 
                        1h 58min
                    
|
Drama
|
22 January 2016 (USA)

 ",tt3170832,"
                        1h 58min
                    ",Room (2015) ,351 user
124,406 critic,"19 January 2007 (USA)

","[<meta content=""R"" itemprop=""contentRating""/>]","
8.2/10 ","465,425","
R
| 
                        1h 58min
                    
|
Drama, 
Fantasy, 
War
|
19 January 2007 (USA)

 ",tt0457430,"
                        1h 58min
                    ",Pan's Labyrinth (2006) ,"1,083 user"
125,134 critic,"6 August 1954 (USA)

","[<meta content=""NOT RATED"" itemprop=""contentRating""/>]","
8.2/10 ","100,350","
Not Rated
| 
                        1h 48min
                    
|
Crime, 
Drama, 
Romance
|
6 August 1954 (USA)

 ",tt0047296,"
                        1h 48min
                    ",On the Waterfront (1954) ,280 user
126,142 critic,"16 April 1988 (Japan)

","[<meta content=""G"" itemprop=""contentRating""/>]","
8.3/10 ","171,186","
G
| 
                        1h 26min
                    
|
Animation, 
Family, 
Fantasy
|
16 April 1988 (Japan)

 ",tt0096283,"
                        1h 26min
                    ",My Neighbor Totoro (1988) ,305 user
127,110 critic,"25 March 1956 (USA)

","[<meta content=""NOT RATED"" itemprop=""contentRating""/>]","
8.3/10 ","42,032","
Not Rated
| 
                        2h 23min
                    
|
Drama
|
25 March 1956 (USA)

 ",tt0044741,"
                        2h 23min
                    ",Ikiru (1952) ,155 user
128,145 critic,"1 June 1985 (Japan)

","[<meta content=""R"" itemprop=""contentRating""/>]","
8.3/10 ","77,419","
R
| 
                        2h 42min
                    
|
Action, 
Drama
|
1 June 1985 (Japan)

 ",tt0089881,"
                        2h 42min
                    ",Ran (1985) ,237 user
129,101 critic,"1925 (Germany)

","[<meta content=""NOT RATED"" itemprop=""contentRating""/>]","
8.3/10 ","67,479","
Not Rated
| 
                        1h 35min
                    
|
Adventure, 
Comedy, 
Drama
|
1925 (Germany)

 ",tt0015864,"
                        1h 35min
                    ",The Gold Rush (1925) ,148 user
130,96 critic,"19 October 1939 (USA)

","[<meta content=""NOT RATED"" itemprop=""contentRating""/>]","
8.3/10 ","77,083","
Not Rated
| 
                        2h 9min
                    
|
Comedy, 
Drama
|
19 October 1939 (USA)

 ",tt0031679,"
                        2h 9min
                    ",Mr. Smith Goes to Washington (1939) ,245 user
131,122 critic,"14 December 1957 (USA)

","[<meta content=""PG"" itemprop=""contentRating""/>]","
8.2/10 ","148,734","
PG
| 
                        2h 41min
                    
|
Adventure, 
Drama, 
War
|
14 December 1957 (USA)

 ",tt0050212,"
                        2h 41min
                    ",The Bridge on the River Kwai (1957) ,271 user
132,261 critic,"21 May 2010 (USA)

","[<meta content=""R"" itemprop=""contentRating""/>]","
8.2/10 ","131,012","
R
| 
                        2h 9min
                    
|
Drama, 
Mystery, 
Thriller
|
21 May 2010 (USA)

 ",tt1305806,"
                        2h 9min
                    ",The Secret in Their Eyes (2009) ,231 user
133,302 critic,"25 June 1982 (USA)

","[<meta content=""R"" itemprop=""contentRating""/>]","
8.2/10 ","459,844","
R
| 
                        1h 57min
                    
|
Sci-Fi, 
Thriller
|
25 June 1982 (USA)

 ",tt0083658,"
                        1h 57min
                    ",Blade Runner (1982) ,"1,169 user"
134,137 critic,"13 October 1958 (USA)

","[<meta content=""NOT RATED"" itemprop=""contentRating""/>]","
8.2/10 ","111,370","
Not Rated
| 
                        1h 36min
                    
|
Drama, 
Fantasy
|
13 October 1958 (USA)

 ",tt0050976,"
                        1h 36min
                    ",The Seventh Seal (1957) ,266 user
135,116 critic,"28 August 1998 (UK)

","[<meta content=""R"" itemprop=""contentRating""/>]","
8.2/10 ","413,341","
R
| 
                        1h 47min
                    
|
Comedy, 
Crime
|
28 August 1998 (UK)

 ",tt0120735,"
                        1h 47min
                    ","Lock, Stock and Two Smoking Barrels (1998) ",524 user
136,162 critic,"4 November 1927 (USA)

","[<meta content=""NOT RATED"" itemprop=""contentRating""/>]","
8.3/10 ","29,054","
Not Rated
| 
                        1h 34min
                    
|
Drama, 
Romance
|
4 November 1927 (USA)

 ",tt0018455,"
                        1h 34min
                    ",Sunrise (1927) ,188 user
137,212 critic,"17 June 2005 (USA)

","[<meta content=""PG"" itemprop=""contentRating""/>]","
8.2/10 ","212,881","
PG
| 
                        1h 59min
                    
|
Animation, 
Adventure, 
Family
|
17 June 2005 (USA)

 ",tt0347149,"
                        1h 59min
                    ",Howl's Moving Castle (2004) ,329 user
138,133 critic,"22 November 1995 (USA)

","[<meta content=""R"" itemprop=""contentRating""/>]","
8.2/10 ","332,037","
R
| 
                        2h 58min
                    
|
Biography, 
Crime, 
Drama
|
22 November 1995 (USA)

 ",tt0112641,"
                        2h 58min
                    ",Casino (1995) ,533 user
139,113 critic,"24 February 1927 (France)

","[<meta content=""UNRATED"" itemprop=""contentRating""/>]","
8.2/10 ","53,293","
Unrated
| 
                        1h 7min
                    
|
Action, 
Adventure, 
Comedy
|
24 February 1927 (France)

 ",tt0017925,"
                        1h 7min
                    ",The General (1926) ,240 user
140,113 critic,"22 June 1959 (USA)

","[<meta content=""UNRATED"" itemprop=""contentRating""/>]","
8.2/10 ","62,846","
Unrated
| 
                        1h 31min
                    
|
Drama, 
Horror, 
Romance
|
22 June 1959 (USA)

 ",tt0050986,"
                        1h 31min
                    ",Wild Strawberries (1957) ,145 user
141,116 critic,"10 October 1980 (USA)

","[<meta content=""PG"" itemprop=""contentRating""/>]","
8.2/10 ","161,356","
PG
| 
                        2h 4min
                    
|
Biography, 
Drama
|
10 October 1980 (USA)

 ",tt0080678,"
                        2h 4min
                    ",The Elephant Man (1980) ,356 user
142,776 critic,"18 December 2015 (USA)

","[<meta content=""PG-13"" itemprop=""contentRating""/>]","
8.2/10 ","558,639","
PG-13
| 
                        2h 16min
                    
|
Action, 
Adventure, 
Fantasy
|
18 December 2015 (USA)

 ",tt2488496,"
                        2h 16min
                    ",Star Wars: The Force Awakens (2015) ,"3,896 user"
143,317 critic,"9 September 2011 (USA)

","[<meta content=""PG-13"" itemprop=""contentRating""/>]","
8.2/10 ","330,660","
PG-13
| 
                        2h 20min
                    
|
Drama, 
Sport
|
9 September 2011 (USA)

 ",tt1291584,"
                        2h 20min
                    ",Warrior (2011) ,512 user
144,606 critic,"25 December 2013 (USA)

","[<meta content=""R"" itemprop=""contentRating""/>]","
8.2/10 ","774,777","
R
| 
                        3h
                    
|
Biography, 
Comedy, 
Crime
|
25 December 2013 (USA)

 ",tt0993846,"
                        3h
                    ",The Wolf of Wall Street (2013) ,"1,136 user"
145,73 critic,"18 December 1961 (Sweden)

","[<meta content=""NOT RATED"" itemprop=""contentRating""/>]","
8.3/10 ","44,166","
Not Rated
| 
                        3h 6min
                    
|
Drama, 
War
|
18 December 1961 (Sweden)

 ",tt0055031,"
                        3h 6min
                    ",Judgment at Nuremberg (1961) ,174 user
146,203 critic,"4 January 2002 (USA)

","[<meta content=""PG-13"" itemprop=""contentRating""/>]","
8.2/10 ","607,417","
PG-13
| 
                        2h 15min
                    
|
Biography, 
Drama
|
4 January 2002 (USA)

 ",tt0268978,"
                        2h 15min
                    ",A Beautiful Mind (2001) ,"1,170 user"
147,525 critic,"17 March 2006 (USA)

","[<meta content=""R"" itemprop=""contentRating""/>]","
8.2/10 ","788,300","
R
| 
                        2h 12min
                    
|
Action, 
Drama, 
Thriller
|
17 March 2006 (USA)

 ",tt0434409,"
                        2h 12min
                    ",V for Vendetta (2005) ,"2,040 user"
148,132 critic,"13 March 1972 (USA)

","[<meta content=""NOT RATED"" itemprop=""contentRating""/>]","
8.3/10 ","26,287","
Not Rated
| 
                        2h 16min
                    
|
Drama
|
13 March 1972 (USA)

 ",tt0046438,"
                        2h 16min
                    ",Tokyo Story (1953) ,121 user
149,226 critic,"12 January 2011 (France)

","[<meta content=""R"" itemprop=""contentRating""/>]","
8.2/10 ","79,841","
R
| 
                        2h 19min
                    
|
Drama, 
Mystery, 
War
|
12 January 2011 (France)

 ",tt1255953,"
                        2h 19min
                    ",Incendies (2010) ,155 user
150,363 critic,"9 January 2009 (USA)

","[<meta content=""R"" itemprop=""contentRating""/>]","
8.2/10 ","559,679","
R
| 
                        1h 56min
                    
|
Drama
|
9 January 2009 (USA)

 ",tt1205489,"
                        1h 56min
                    ",Gran Torino (2008) ,870 user
151,249 critic,"6 March 1998 (USA)

","[<meta content=""R"" itemprop=""contentRating""/>]","
8.2/10 ","534,872","
R
| 
                        1h 57min
                    
|
Comedy, 
Crime
|
6 March 1998 (USA)

 ",tt0118715,"
                        1h 57min
                    ",The Big Lebowski (1998) ,"1,026 user"
152,18 critic,"8 July 1977 (France)

","[<meta content=""PG"" itemprop=""contentRating""/>]","
8.5/10 ","29,120","
PG
| 
                        2h 57min
                    
|
Adventure, 
Biography, 
Drama
|
8 July 1977 (France)

 ",tt0074896,"
                        2h 57min
                    ",The Message (1976) ,110 user
153,139 critic,"23 February 1979 (USA)

","[<meta content=""R"" itemprop=""contentRating""/>]","
8.2/10 ","231,629","
R
| 
                        3h 3min
                    
|
Drama, 
War
|
23 February 1979 (USA)

 ",tt0077416,"
                        3h 3min
                    ",The Deer Hunter (1978) ,"1,025 user"
154,134 critic,"9 August 1996 (USA)

","[<meta content=""R"" itemprop=""contentRating""/>]","
8.2/10 ","467,209","
R
| 
                        1h 34min
                    
|
Drama
|
9 August 1996 (USA)

 ",tt0117951,"
                        1h 34min
                    ",Trainspotting (1996) ,512 user
155,144 critic,"12 April 1940 (USA)

","[<meta content=""NOT RATED"" itemprop=""contentRating""/>]","
8.2/10 ","87,057","
Not Rated
| 
                        2h 10min
                    
|
Drama, 
Film-Noir, 
Mystery
|
12 April 1940 (USA)

 ",tt0032976,"
                        2h 10min
                    ",Rebecca (1940) ,274 user
156,200 critic,"5 April 1996 (USA)

","[<meta content=""R"" itemprop=""contentRating""/>]","
8.2/10 ","452,297","
R
| 
                        1h 38min
                    
|
Crime, 
Drama, 
Thriller
|
5 April 1996 (USA)

 ",tt0116282,"
                        1h 38min
                    ",Fargo (1996) ,816 user
157,156 critic,"17 January 1940 (USA)

","[<meta content=""G"" itemprop=""contentRating""/>]","
8.2/10 ","214,488","
G
| 
                        3h 58min
                    
|
Drama, 
History, 
Romance
|
17 January 1940 (USA)

 ",tt0031381,"
                        3h 58min
                    ",Gone with the Wind (1939) ,705 user
158,124 critic,"29 May 1954 (USA)

","[<meta content=""PG"" itemprop=""contentRating""/>]","
8.2/10 ","105,912","
PG
| 
                        1h 45min
                    
|
Crime, 
Film-Noir, 
Thriller
|
29 May 1954 (USA)

 ",tt0046912,"
                        1h 45min
                    ",Dial M for Murder (1954) ,261 user
159,96 critic,"1 November 1967 (USA)

","[<meta content=""PG"" itemprop=""contentRating""/>]","
8.2/10 ","119,553","
PG
| 
                        2h 6min
                    
|
Drama
|
1 November 1967 (USA)

 ",tt0061512,"
                        2h 6min
                    ",Cool Hand Luke (1967) ,262 user
160,288 critic,"26 March 2010 (USA)

","[<meta content=""PG"" itemprop=""contentRating""/>]","
8.2/10 ","482,900","
PG
| 
                        1h 38min
                    
|
Animation, 
Adventure, 
Family
|
26 March 2010 (USA)

 ",tt0892769,"
                        1h 38min
                    ",How to Train Your Dragon (2010) ,491 user
161,299 critic,"30 May 2003 (USA)

","[<meta content=""G"" itemprop=""contentRating""/>]","
8.2/10 ","688,368","
G
| 
                        1h 40min
                    
|
Animation, 
Adventure, 
Comedy
|
30 May 2003 (USA)

 ",tt0266543,"
                        1h 40min
                    ",Finding Nemo (2003) ,865 user
162,234 critic,"6 August 1999 (USA)

","[<meta content=""PG-13"" itemprop=""contentRating""/>]","
8.1/10 ","701,976","
PG-13
| 
                        1h 47min
                    
|
Drama, 
Mystery, 
Thriller
|
6 August 1999 (USA)

 ",tt0167404,"
                        1h 47min
                    ",The Sixth Sense (1999) ,"2,071 user"
163,511 critic,"6 May 2016 (USA)

","[<meta content=""PG-13"" itemprop=""contentRating""/>]","
8.2/10 ","261,458","
PG-13
| 
                        2h 27min
                    
|
Action, 
Adventure, 
Sci-Fi
|
6 May 2016 (USA)

 ",tt3498820,"
                        2h 27min
                    ",Captain America: Civil War (2016) ,"1,012 user"
164,68 critic,"17 October 1985 (Hungary)

","[<meta content=""NOT RATED"" itemprop=""contentRating""/>]","
8.3/10 ","25,226","
Not Rated
| 
                        2h 20min
                    
|
Drama, 
War
|
17 October 1985 (Hungary)

 ",tt0091251,"
                        2h 20min
                    ",Come and See (1985) ,400 user
165,297 critic,"25 June 1982 (USA)

","[<meta content=""R"" itemprop=""contentRating""/>]","
8.2/10 ","256,683","
R
| 
                        1h 49min
                    
|
Horror, 
Mystery, 
Sci-Fi
|
25 June 1982 (USA)

 ",tt0084787,"
                        1h 49min
                    ",The Thing (1982) ,912 user
166,488 critic,"21 November 2007 (USA)

","[<meta content=""R"" itemprop=""contentRating""/>]","
8.1/10 ","609,239","
R
| 
                        2h 2min
                    
|
Crime, 
Drama, 
Thriller
|
21 November 2007 (USA)

 ",tt0477348,"
                        2h 2min
                    ",No Country for Old Men (2007) ,"1,515 user"
167,274 critic,"19 October 2007 (USA)

","[<meta content=""R"" itemprop=""contentRating""/>]","
8.2/10 ","424,307","
R
| 
                        2h 28min
                    
|
Adventure, 
Biography, 
Drama
|
19 October 2007 (USA)

 ",tt0758758,"
                        2h 28min
                    ",Into the Wild (2007) ,760 user
168,170 critic,"9 April 2009 (Australia)

","[<meta content=""NOT RATED"" itemprop=""contentRating""/>]","
8.2/10 ","118,591","
Not Rated
| 
                        1h 32min
                    
|
Animation, 
Comedy, 
Drama
|
9 April 2009 (Australia)

 ",tt0978762,"
                        1h 32min
                    ",Mary and Max (2009) ,164 user
169,568 critic,"3 October 2014 (USA)

","[<meta content=""R"" itemprop=""contentRating""/>]","
8.1/10 ","565,944","
R
| 
                        2h 29min
                    
|
Crime, 
Drama, 
Mystery
|
3 October 2014 (USA)

 ",tt2267998,"
                        2h 29min
                    ",Gone Girl (2014) ,"1,126 user"
170,354 critic,"10 October 2003 (USA)

","[<meta content=""R"" itemprop=""contentRating""/>]","
8.1/10 ","732,484","
R
| 
                        1h 51min
                    
|
Action
|
10 October 2003 (USA)

 ",tt0266697,"
                        1h 51min
                    ",Kill Bill: Vol. 1 (2003) ,"2,104 user"
171,124 critic,"23 February 1934 (USA)

","[<meta content=""UNRATED"" itemprop=""contentRating""/>]","
8.2/10 ","64,568","
Unrated
| 
                        1h 45min
                    
|
Comedy, 
Romance
|
23 February 1934 (USA)

 ",tt0025316,"
                        1h 45min
                    ",It Happened One Night (1934) ,235 user
172,117 critic,"17 August 1979 (USA)

","[<meta content=""R"" itemprop=""contentRating""/>]","
8.1/10 ","271,105","
R
| 
                        1h 34min
                    
|
Comedy
|
17 August 1979 (USA)

 ",tt0079470,"
                        1h 34min
                    ",Life of Brian (1979) ,319 user
173,393 critic,"27 September 2013 (USA)

","[<meta content=""R"" itemprop=""contentRating""/>]","
8.1/10 ","310,767","
R
| 
                        2h 3min
                    
|
Action, 
Biography, 
Drama
|
27 September 2013 (USA)

 ",tt1979320,"
                        2h 3min
                    ",Rush (2013) ,475 user
174,398 critic,"25 January 2008 (USA)

","[<meta content=""R"" itemprop=""contentRating""/>]","
8.1/10 ","371,328","
R
| 
                        2h 38min
                    
|
Drama
|
25 January 2008 (USA)

 ",tt0469494,"
                        2h 38min
                    ",There Will Be Blood (2007) ,"1,107 user"
175,75 critic,"26 May 1957 (Italy)

","[<meta content=""NOT RATED"" itemprop=""contentRating""/>]","
8.3/10 ","25,739","
Not Rated
| 
                        1h 50min
                    
|
Drama
|
26 May 1957 (Italy)

 ",tt0050783,"
                        1h 50min
                    ",Nights of Cabiria (1957) ,78 user
176,187 critic,"4 February 2005 (USA)

","[<meta content=""PG-13"" itemprop=""contentRating""/>]","
8.1/10 ","263,531","
PG-13
| 
                        2h 1min
                    
|
Drama, 
History, 
War
|
4 February 2005 (USA)

 ",tt0395169,"
                        2h 1min
                    ",Hotel Rwanda (2004) ,608 user
177,120 critic,"6 February 1987 (USA)

","[<meta content=""R"" itemprop=""contentRating""/>]","
8.1/10 ","290,415","
R
| 
                        2h
                    
|
Drama, 
War
|
6 February 1987 (USA)

 ",tt0091763,"
                        2h
                    ",Platoon (1986) ,505 user
178,387 critic,"4 March 2016 (USA)

","[<meta content=""PG"" itemprop=""contentRating""/>]","
8.2/10 ","163,220","
PG
| 
                        1h 48min
                    
|
Animation, 
Action, 
Adventure
|
4 March 2016 (USA)

 ",tt2948356,"
                        1h 48min
                    ",Zootopia (2016) ,401 user
179,156 critic,"18 October 1941 (USA)

","[<meta content=""NOT RATED"" itemprop=""contentRating""/>]","
8.1/10 ","112,674","
Not Rated
| 
                        1h 40min
                    
|
Film-Noir, 
Mystery
|
18 October 1941 (USA)

 ",tt0033870,"
                        1h 40min
                    ",The Maltese Falcon (1941) ,341 user
180,115 critic,"16 February 1955 (USA)

","[<meta content=""NOT RATED"" itemprop=""contentRating""/>]","
8.2/10 ","35,247","
Not Rated
| 
                        2h 11min
                    
|
Adventure, 
Drama, 
Thriller
|
16 February 1955 (USA)

 ",tt0046268,"
                        2h 11min
                    ",The Wages of Fear (1953) ,139 user
181,469 critic,"25 November 2015 (USA)

","[<meta content=""R"" itemprop=""contentRating""/>]","
8.1/10 ","189,213","
R
| 
                        2h 8min
                    
|
Biography, 
Crime, 
Drama
|
25 November 2015 (USA)

 ",tt1895587,"
                        2h 8min
                    ",Spotlight (2015) ,403 user
182,161 critic,"27 November 1976 (USA)

","[<meta content=""R"" itemprop=""contentRating""/>]","
8.1/10 ","102,973","
R
| 
                        2h 1min
                    
|
Drama, 
Romance
|
27 November 1976 (USA)

 ",tt0074958,"
                        2h 1min
                    ",Network (1976) ,317 user
183,738 critic,"15 May 2015 (USA)

","[<meta content=""R"" itemprop=""contentRating""/>]","
8.1/10 ","545,928","
R
| 
                        2h
                    
|
Action, 
Adventure, 
Sci-Fi
|
15 May 2015 (USA)

 ",tt1392190,"
                        2h
                    ",Mad Max: Fury Road (2015) ,"1,580 user"
184,130 critic,"24 October 1969 (USA)

","[<meta content=""M"" itemprop=""contentRating""/>]","
8.1/10 ","151,412","
M
| 
                        1h 50min
                    
|
Biography, 
Crime, 
Drama
|
24 October 1969 (USA)

 ",tt0064115,"
                        1h 50min
                    ",Butch Cassidy and the Sundance Kid (1969) ,309 user
185,486 critic,"19 February 2010 (USA)

","[<meta content=""R"" itemprop=""contentRating""/>]","
8.1/10 ","781,534","
R
| 
                        2h 18min
                    
|
Mystery, 
Thriller
|
19 February 2010 (USA)

 ",tt1130884,"
                        2h 18min
                    ",Shutter Island (2010) ,965 user
186,165 critic,"16 November 1959 (USA)

","[<meta content=""NOT RATED"" itemprop=""contentRating""/>]","
8.1/10 ","69,899","
Not Rated
| 
                        1h 39min
                    
|
Crime, 
Drama
|
16 November 1959 (USA)

 ",tt0053198,"
                        1h 39min
                    ",The 400 Blows (1959) ,174 user
187,98 critic,"22 August 1986 (USA)

","[<meta content=""R"" itemprop=""contentRating""/>]","
8.1/10 ","270,289","
R
| 
                        1h 29min
                    
|
Adventure, 
Drama
|
22 August 1986 (USA)

 ",tt0092005,"
                        1h 29min
                    ",Stand by Me (1986) ,582 user
188,44 critic,"25 February 1994 (USA)

","[<meta content=""R"" itemprop=""contentRating""/>]","
8.1/10 ","109,082","
R
| 
                        2h 13min
                    
|
Biography, 
Drama, 
History
|
25 February 1994 (USA)

 ",tt0107207,"
                        2h 13min
                    ",In the Name of the Father (1993) ,157 user
189,597 critic,"8 November 2013 (USA)

","[<meta content=""R"" itemprop=""contentRating""/>]","
8.1/10 ","436,389","
R
| 
                        2h 14min
                    
|
Biography, 
Drama, 
History
|
8 November 2013 (USA)

 ",tt2024544,"
                        2h 14min
                    ",12 Years a Slave (2013) ,696 user
190,111 critic,"16 March 1967 (USA)

","[<meta content=""NOT RATED"" itemprop=""contentRating""/>]","
8.1/10 ","61,257","
Not Rated
| 
                        1h 23min
                    
|
Drama, 
Thriller
|
16 March 1967 (USA)

 ",tt0060827,"
                        1h 23min
                    ",Persona (1966) ,168 user
191,535 critic,"28 March 2014 (USA)

","[<meta content=""R"" itemprop=""contentRating""/>]","
8.1/10 ","471,909","
R
| 
                        1h 39min
                    
|
Adventure, 
Comedy, 
Crime
|
28 March 2014 (USA)

 ",tt2278388,"
                        1h 39min
                    ",The Grand Budapest Hotel (2014) ,642 user
192,157 critic,"13 April 2001 (USA)

","[<meta content=""R"" itemprop=""contentRating""/>]","
8.1/10 ","172,927","
R
| 
                        2h 34min
                    
|
Drama, 
Thriller
|
13 April 2001 (USA)

 ",tt0245712,"
                        2h 34min
                    ",Amores Perros (2000) ,361 user
193,268 critic,"28 January 2005 (USA)

","[<meta content=""PG-13"" itemprop=""contentRating""/>]","
8.1/10 ","480,033","
PG-13
| 
                        2h 12min
                    
|
Drama, 
Sport
|
28 January 2005 (USA)

 ",tt0405159,"
                        2h 12min
                    ",Million Dollar Baby (2004) ,"1,106 user"
194,286 critic,"21 August 2014 (Argentina)

","[<meta content=""R"" itemprop=""contentRating""/>]","
8.1/10 ","88,478","
R
| 
                        2h 2min
                    
|
Comedy, 
Drama, 
Thriller
|
21 August 2014 (Argentina)

 ",tt3011894,"
                        2h 2min
                    ",Relatos salvajes (2014) ,132 user
195,184 critic,"9 October 1987 (USA)

","[<meta content=""PG"" itemprop=""contentRating""/>]","
8.1/10 ","293,039","
PG
| 
                        1h 38min
                    
|
Adventure, 
Family, 
Fantasy
|
9 October 1987 (USA)

 ",tt0093779,"
                        1h 38min
                    ",The Princess Bride (1987) ,717 user
196,116 critic,"26 December 1959 (UK)

","[<meta content=""G"" itemprop=""contentRating""/>]","
8.1/10 ","159,385","
G
| 
                        3h 32min
                    
|
Adventure, 
Drama, 
History
|
26 December 1959 (UK)

 ",tt0052618,"
                        3h 32min
                    ",Ben-Hur (1959) ,372 user
197,159 critic,"1 May 1958 (UK)

","[<meta content=""PG-13"" itemprop=""contentRating""/>]","
8.1/10 ","72,636","
PG-13
| 
                        1h 35min
                    
|
Crime, 
Drama, 
Film-Noir
|
1 May 1958 (UK)

 ",tt0052311,"
                        1h 35min
                    ",Touch of Evil (1958) ,269 user
198,84 critic,"12 March 2010 (UK)

","[<meta content=""G"" itemprop=""contentRating""/>]","
8.1/10 ","153,877","
G
| 
                        1h 33min
                    
|
Drama, 
Family
|
12 March 2010 (UK)

 ",tt1028532,"
                        1h 33min
                    ",Hachi: A Dog's Tale (2009) ,304 user
199,308 critic,"11 June 1993 (USA)

","[<meta content=""PG-13"" itemprop=""contentRating""/>]","
8.1/10 ","610,006","
PG-13
| 
                        2h 7min
                    
|
Adventure, 
Sci-Fi, 
Thriller
|
11 June 1993 (USA)

 ",tt0107290,"
                        2h 7min
                    ",Jurassic Park (1993) ,893 user
200,99 critic,"11 March 1984 (Japan)

","[<meta content=""PG"" itemprop=""contentRating""/>]","
8.1/10 ","95,723","
PG
| 
                        1h 57min
                    
|
Animation, 
Adventure, 
Fantasy
|
11 March 1984 (Japan)

 ",tt0087544,"
                        1h 57min
                    ",Nausicaä of the Valley of the Wind (1984) ,181 user
201,83 critic,"15 March 1940 (USA)

","[<meta content=""NOT RATED"" itemprop=""contentRating""/>]","
8.1/10 ","62,874","
Not Rated
| 
                        2h 9min
                    
|
Drama
|
15 March 1940 (USA)

 ",tt0032551,"
                        2h 9min
                    ",The Grapes of Wrath (1940) ,296 user
202,154 critic,"20 April 1977 (USA)

","[<meta content=""PG"" itemprop=""contentRating""/>]","
8.1/10 ","191,939","
PG
| 
                        1h 33min
                    
|
Comedy, 
Romance
|
20 April 1977 (USA)

 ",tt0075686,"
                        1h 33min
                    ",Annie Hall (1977) ,491 user
203,108 critic,"17 April 1980 (Netherlands)

","[<meta content=""NOT RATED"" itemprop=""contentRating""/>]","
8.1/10 ","68,060","
Not Rated
| 
                        2h 43min
                    
|
Drama, 
Mystery, 
Sci-Fi
|
17 April 1980 (Netherlands)

 ",tt0079944,"
                        2h 43min
                    ",Stalker (1979) ,295 user
204,576 critic,"12 February 2016 (USA)

","[<meta content=""R"" itemprop=""contentRating""/>]","
8.1/10 ","463,595","
R
| 
                        1h 48min
                    
|
Action, 
Adventure, 
Comedy
|
12 February 2016 (USA)

 ",tt1431045,"
                        1h 48min
                    ",Deadpool (2016) ,"1,044 user"
205,120 critic,"27 January 1995 (USA)

","[<meta content=""R"" itemprop=""contentRating""/>]","
8.1/10 ","182,221","
R
| 
                        1h 45min
                    
|
Drama, 
Romance
|
27 January 1995 (USA)

 ",tt0112471,"
                        1h 45min
                    ",Before Sunrise (1995) ,395 user
206,95 critic,"25 February 1983 (USA)

","[<meta content=""PG"" itemprop=""contentRating""/>]","
8.1/10 ","170,974","
PG
| 
                        3h 11min
                    
|
Biography, 
Drama, 
History
|
25 February 1983 (USA)

 ",tt0083987,"
                        3h 11min
                    ",Gandhi (1982) ,256 user
207,327 critic,"3 August 2007 (USA)

","[<meta content=""PG-13"" itemprop=""contentRating""/>]","
8.1/10 ","486,030","
PG-13
| 
                        1h 55min
                    
|
Action, 
Mystery, 
Thriller
|
3 August 2007 (USA)

 ",tt0440963,"
                        1h 55min
                    ",The Bourne Ultimatum (2007) ,816 user
208,146 critic,"2 May 2003 (South Korea)

","[<meta content=""UNRATED"" itemprop=""contentRating""/>]","
8.1/10 ","66,357","
Unrated
| 
                        2h 12min
                    
|
Crime, 
Drama, 
Mystery
|
2 May 2003 (South Korea)

 ",tt0353969,"
                        2h 12min
                    ",Memories of Murder (2003) ,134 user
209,213 critic,"5 June 1998 (USA)

","[<meta content=""PG"" itemprop=""contentRating""/>]","
8.1/10 ","664,475","
PG
| 
                        1h 43min
                    
|
Comedy, 
Drama, 
Sci-Fi
|
5 June 1998 (USA)

 ",tt0120382,"
                        1h 43min
                    ",The Truman Show (1998) ,875 user
210,110 critic,"21 November 1955 (USA)

","[<meta content=""UNRATED"" itemprop=""contentRating""/>]","
8.1/10 ","41,871","
Unrated
| 
                        1h 56min
                    
|
Drama, 
Horror, 
Mystery
|
21 November 1955 (USA)

 ",tt0046911,"
                        1h 56min
                    ",Diabolique (1955) ,150 user
211,283 critic,"26 October 2001 (USA)

","[<meta content=""R"" itemprop=""contentRating""/>]","
8.1/10 ","578,372","
R
| 
                        1h 53min
                    
|
Drama, 
Sci-Fi, 
Thriller
|
26 October 2001 (USA)

 ",tt0246578,"
                        1h 53min
                    ",Donnie Darko (2001) ,"2,105 user"
212,141 critic,"3 December 1976 (USA)

","[<meta content=""PG"" itemprop=""contentRating""/>]","
8.1/10 ","373,253","
PG
| 
                        2h
                    
|
Drama, 
Sport
|
3 December 1976 (USA)

 ",tt0075148,"
                        2h
                    ",Rocky (1976) ,540 user
213,100 critic,"25 June 1963 (USA)

","[<meta content=""NOT RATED"" itemprop=""contentRating""/>]","
8.1/10 ","78,245","
Not Rated
| 
                        2h 18min
                    
|
Drama, 
Fantasy
|
25 June 1963 (USA)

 ",tt0056801,"
                        2h 18min
                    ",8½ (1963) ,220 user
214,555 critic,"8 January 2016 (USA)

","[<meta content=""R"" itemprop=""contentRating""/>]","
8.1/10 ","397,237","
R
| 
                        2h 36min
                    
|
Adventure, 
Drama, 
Thriller
|
8 January 2016 (USA)

 ",tt1663202,"
                        2h 36min
                    ",The Revenant (2015) ,"1,182 user"
215,212 critic,"25 August 1939 (USA)

","[<meta content=""PASSED"" itemprop=""contentRating""/>]","
8.1/10 ","290,722","
Passed
| 
                        1h 42min
                    
|
Adventure, 
Family, 
Fantasy
|
25 August 1939 (USA)

 ",tt0032138,"
                        1h 42min
                    ",The Wizard of Oz (1939) ,533 user
216,250 critic,"2 November 2001 (USA)

","[<meta content=""G"" itemprop=""contentRating""/>]","
8.1/10 ","582,206","
G
| 
                        1h 32min
                    
|
Animation, 
Adventure, 
Comedy
|
2 November 2001 (USA)

 ",tt0198781,"
                        1h 32min
                    ","Monsters, Inc. (2001) ",589 user
217,467 critic,"15 July 2011 (USA)

","[<meta content=""PG-13"" itemprop=""contentRating""/>]","
8.1/10 ","539,542","
PG-13
| 
                        2h 10min
                    
|
Adventure, 
Drama, 
Fantasy
|
15 July 2011 (USA)

 ",tt1201607,"
                        2h 10min
                    ",Harry Potter and the Deathly Hallows: Part 2 (2011) ,807 user
218,230 critic,"26 October 1984 (USA)

","[<meta content=""R"" itemprop=""contentRating""/>]","
8.1/10 ","597,486","
R
| 
                        1h 47min
                    
|
Action, 
Sci-Fi
|
26 October 1984 (USA)

 ",tt0088247,"
                        1h 47min
                    ",The Terminator (1984) ,689 user
219,143 critic,"5 January 1996 (USA)

","[<meta content=""R"" itemprop=""contentRating""/>]","
8.1/10 ","460,922","
R
| 
                        2h 9min
                    
|
Mystery, 
Sci-Fi, 
Thriller
|
5 January 1996 (USA)

 ",tt0114746,"
                        2h 9min
                    ",Twelve Monkeys (1995) ,539 user
220,97 critic,"17 June 1947 (Argentina)

","[<meta content=""NOT RATED"" itemprop=""contentRating""/>]","
8.1/10 ","40,202","
Not Rated
| 
                        2h 52min
                    
|
Drama, 
Romance, 
War
|
17 June 1947 (Argentina)

 ",tt0036868,"
                        2h 52min
                    ",The Best Years of Our Lives (1946) ,235 user
221,147 critic,"12 February 1993 (USA)

","[<meta content=""PG"" itemprop=""contentRating""/>]","
8.1/10 ","435,325","
PG
| 
                        1h 41min
                    
|
Comedy, 
Fantasy, 
Romance
|
12 February 1993 (USA)

 ",tt0107048,"
                        1h 41min
                    ",Groundhog Day (1993) ,609 user
222,166 critic,"12 December 2002 (Hong Kong)

","[<meta content=""R"" itemprop=""contentRating""/>]","
8.1/10 ","91,391","
R
| 
                        1h 41min
                    
|
Crime, 
Drama, 
Mystery
|
12 December 2002 (Hong Kong)

 ",tt0338564,"
                        1h 41min
                    ",Infernal Affairs (2002) ,188 user
223,131 critic,"30 June 1951 (USA)

","[<meta content=""PG"" itemprop=""contentRating""/>]","
8.1/10 ","95,882","
PG
| 
                        1h 41min
                    
|
Crime, 
Film-Noir, 
Thriller
|
30 June 1951 (USA)

 ",tt0044079,"
                        1h 41min
                    ",Strangers on a Train (1951) ,263 user
224,374 critic,"1 April 2005 (USA)

","[<meta content=""R"" itemprop=""contentRating""/>]","
8.1/10 ","654,613","
R
| 
                        2h 4min
                    
|
Crime, 
Thriller
|
1 April 2005 (USA)

 ",tt0401792,"
                        2h 4min
                    ",Sin City (2005) ,"1,731 user"
225,382 critic,"20 June 1975 (USA)

","[<meta content=""PG"" itemprop=""contentRating""/>]","
8.0/10 ","410,475","
PG
| 
                        2h 4min
                    
|
Adventure, 
Drama, 
Thriller
|
20 June 1975 (USA)

 ",tt0073195,"
                        2h 4min
                    ",Jaws (1975) ,958 user
226,92 critic,"14 June 1950 (USA)

","[<meta content=""NOT RATED"" itemprop=""contentRating""/>]","
8.2/10 ","26,081","
Not Rated
| 
                        1h 46min
                    
|
Comedy, 
Crime
|
14 June 1950 (USA)

 ",tt0041546,"
                        1h 46min
                    ",Kind Hearts and Coronets (1949) ,124 user
227,109 critic,"23 February 1996 (USA)

","[<meta content=""NOT RATED"" itemprop=""contentRating""/>]","
8.1/10 ","102,976","
Not Rated
| 
                        1h 38min
                    
|
Crime, 
Drama
|
23 February 1996 (USA)

 ",tt0113247,"
                        1h 38min
                    ",La Haine (1995) ,165 user
228,454 critic,"20 September 2013 (USA)

","[<meta content=""R"" itemprop=""contentRating""/>]","
8.1/10 ","381,040","
R
| 
                        2h 33min
                    
|
Crime, 
Drama, 
Mystery
|
20 September 2013 (USA)

 ",tt1392214,"
                        2h 33min
                    ",Prisoners (2013) ,619 user
229,119 critic,"18 December 1975 (USA)

","[<meta content=""PG"" itemprop=""contentRating""/>]","
8.1/10 ","100,966","
PG
| 
                        3h 4min
                    
|
Adventure, 
Drama, 
History
|
18 December 1975 (USA)

 ",tt0072684,"
                        3h 4min
                    ",Barry Lyndon (1975) ,368 user
230,131 critic,"20 September 1967 (USA)

","[<meta content=""NOT RATED"" itemprop=""contentRating""/>]","
8.1/10 ","37,015","
Not Rated
| 
                        2h 1min
                    
|
Drama, 
War
|
20 September 1967 (USA)

 ",tt0058946,"
                        2h 1min
                    ",The Battle of Algiers (1966) ,243 user
231,112 critic,"21 September 1975 (USA)

","[<meta content=""R"" itemprop=""contentRating""/>]","
8.0/10 ","181,771","
R
| 
                        2h 5min
                    
|
Crime, 
Drama
|
21 September 1975 (USA)

 ",tt0072890,"
                        2h 5min
                    ",Dog Day Afternoon (1975) ,253 user
232,567 critic,"2 October 2015 (USA)

","[<meta content=""PG-13"" itemprop=""contentRating""/>]","
8.1/10 ","464,015","
PG-13
| 
                        2h 24min
                    
|
Adventure, 
Drama, 
Sci-Fi
|
2 October 2015 (USA)

 ",tt3659388,"
                        2h 24min
                    ",The Martian (2015) ,"1,017 user"
233,194 critic,"25 December 2002 (USA)

","[<meta content=""PG-13"" itemprop=""contentRating""/>]","
8.0/10 ","521,930","
PG-13
| 
                        2h 21min
                    
|
Biography, 
Crime, 
Drama
|
25 December 2002 (USA)

 ",tt0264464,"
                        2h 21min
                    ",Catch Me If You Can (2002) ,666 user
234,104 critic,"12 December 2008 (China)

","[<meta content=""R"" itemprop=""contentRating""/>]","
8.1/10 ","167,032","
R
| 
                        1h 46min
                    
|
Action, 
Biography, 
Drama
|
12 December 2008 (China)

 ",tt1220719,"
                        1h 46min
                    ",Yip Man (2008) ,152 user
235,452 critic,"25 December 2014 (USA)

","[<meta content=""PG-13"" itemprop=""contentRating""/>]","
8.1/10 ","462,665","
PG-13
| 
                        1h 54min
                    
|
Biography, 
Drama, 
Thriller
|
25 December 2014 (USA)

 ",tt2084970,"
                        1h 54min
                    ",The Imitation Game (2014) ,607 user
236,271 critic,"9 July 2003 (USA)

","[<meta content=""PG-13"" itemprop=""contentRating""/>]","
8.1/10 ","806,180","
PG-13
| 
                        2h 23min
                    
|
Action, 
Adventure, 
Fantasy
|
9 July 2003 (USA)

 ",tt0325980,"
                        2h 23min
                    ",Pirates of the Caribbean: The Curse of the Black Pearl (2003) ,"2,110 user"
237,373 critic,"10 August 2011 (USA)

","[<meta content=""PG-13"" itemprop=""contentRating""/>]","
8.1/10 ","317,523","
PG-13
| 
                        2h 26min
                    
|
Drama
|
10 August 2011 (USA)

 ",tt1454029,"
                        2h 26min
                    ",The Help (2011) ,456 user
238,87 critic,"17 December 1982 (Sweden)

","[<meta content=""R"" itemprop=""contentRating""/>]","
8.1/10 ","43,112","
R
| 
                        3h 8min
                    
|
Drama
|
17 December 1982 (Sweden)

 ",tt0083922,"
                        3h 8min
                    ",Fanny and Alexander (1982) ,108 user
239,652 critic,"1 August 2014 (USA)

","[<meta content=""PG-13"" itemprop=""contentRating""/>]","
8.1/10 ","676,088","
PG-13
| 
                        2h 1min
                    
|
Action, 
Adventure, 
Sci-Fi
|
1 August 2014 (USA)

 ",tt2015381,"
                        2h 1min
                    ",Guardians of the Galaxy (2014) ,"1,097 user"
240,703 critic,"4 May 2012 (USA)

","[<meta content=""PG-13"" itemprop=""contentRating""/>]","
8.1/10 ","990,145","
PG-13
| 
                        2h 23min
                    
|
Action, 
Adventure, 
Sci-Fi
|
4 May 2012 (USA)

 ",tt0848228,"
                        2h 23min
                    ",The Avengers (2012) ,"1,718 user"
241,122 critic,"18 January 1967 (USA)

","[<meta content=""R"" itemprop=""contentRating""/>]","
8.0/10 ","146,652","
R
| 
                        1h 39min
                    
|
Action, 
Drama, 
Western
|
18 January 1967 (USA)

 ",tt0058461,"
                        1h 39min
                    ",A Fistful of Dollars (1964) ,235 user
242,138 critic,"2 August 1986 (Japan)

","[<meta content=""PG"" itemprop=""contentRating""/>]","
8.1/10 ","98,773","
PG
| 
                        2h 5min
                    
|
Animation, 
Adventure, 
Family
|
2 August 1986 (Japan)

 ",tt0092067,"
                        2h 5min
                    ",Castle in the Sky (1986) ,175 user
243,102 critic,"2 September 1953 (USA)

","[<meta content=""NOT RATED"" itemprop=""contentRating""/>]","
8.1/10 ","100,240","
Not Rated
| 
                        1h 58min
                    
|
Comedy, 
Romance
|
2 September 1953 (USA)

 ",tt0046250,"
                        1h 58min
                    ",Roman Holiday (1953) ,225 user
244,477 critic,"25 December 2010 (USA)

","[<meta content=""R"" itemprop=""contentRating""/>]","
8.0/10 ","501,248","
R
| 
                        1h 58min
                    
|
Biography, 
Drama, 
History
|
25 December 2010 (USA)

 ",tt1504320,"
                        1h 58min
                    ",The King's Speech (2010) ,634 user
245,121 critic,"22 November 1961 (USA)

","[<meta content=""UNRATED"" itemprop=""contentRating""/>]","
8.1/10 ","31,600","
Unrated
| 
                        1h 50min
                    
|
Drama
|
22 November 1961 (USA)

 ",tt0050613,"
                        1h 50min
                    ",Throne of Blood (1957) ,117 user
246,153 critic,"30 July 1952 (USA)

","[<meta content=""PG"" itemprop=""contentRating""/>]","
8.1/10 ","79,888","
PG
| 
                        1h 25min
                    
|
Thriller, 
Western
|
30 July 1952 (USA)

 ",tt0044706,"
                        1h 25min
                    ",High Noon (1952) ,333 user
247,106 critic,"2 August 2012 (Singapore)

",[],"
8.3/10 ","45,014","

                        5h 20min
                    
|
Action, 
Crime, 
Drama
|
2 August 2012 (Singapore)

 ",tt1954470,"
                        5h 20min
                    ",Gangs of Wasseypur (2012) ,163 user
248,180 critic,"22 November 1991 (USA)

","[<meta content=""G"" itemprop=""contentRating""/>]","
8.0/10 ","307,592","
G
| 
                        1h 24min
                    
|
Animation, 
Family, 
Fantasy
|
22 November 1991 (USA)

 ",tt0101414,"
                        1h 24min
                    ",Beauty and the Beast (1991) ,341 user
249,70 critic,"8 May 2002 (USA)

","[<meta content=""PG"" itemprop=""contentRating""/>]","
8.2/10 ","70,568","
PG
| 
                        3h 44min
                    
|
Adventure, 
Drama, 
Musical
|
8 May 2002 (USA)

 ",tt0169102,"
                        3h 44min
                    ",Lagaan: Once Upon a Time in India (2001) ,246 user
